To honour the JVM settings for this build a single-use Daemon process will be forked. For more on this, please refer to https://docs.gradle.org/9.2.1/userguide/gradle_daemon.html#sec:disabling_the_daemon in the Gradle documentation.
Daemon will be stopped at the end of the build 
> Task :createMinecraftArtifacts UP-TO-DATE
> Task :compileJava UP-TO-DATE
> Task :processResources UP-TO-DATE
> Task :classes UP-TO-DATE
> Task :compilePacktestJava
> Task :processPacktestResources
> Task :packtestClasses
> Task :downloadAssets UP-TO-DATE
> Task :writePackTestServerLegacyClasspath
> Task :preparePackTestServerRun

> Task :runPackTestServer
WARN StatusConsoleListener Advanced terminal features are not available in this environment
[21:39:58] [main/INFO] [cp.mo.mo.Launcher/MODLAUNCHER]: ModLauncher running: args [--launchTarget, forgeserverdev, --gameDir, ., --fml.fmlVersion, 4.0.44, --fml.mcVersion, 1.21.1, --fml.neoForgeVersion, 21.1.251, --fml.neoFormVersion, 20240808.144430]
[21:39:58] [main/INFO] [cp.mo.mo.Launcher/MODLAUNCHER]: JVM identified as Microsoft OpenJDK 64-Bit Server VM 21.0.7+6-LTS
[21:39:58] [main/INFO] [cp.mo.mo.Launcher/MODLAUNCHER]: ModLauncher 11.0.5+main.901c6ea8 starting: java version 21.0.7 by Microsoft; OS Windows 11 arch amd64 version 10.0
[21:39:58] [main/WARN] [ne.ne.fm.lo.FMLConfig/]: ****************************** Found dependency overrides ******************************
[21:39:58] [main/WARN] [ne.ne.fm.lo.FMLConfig/]: Dependency overrides for mod 'allthetweaks': adding explicit AFTER ordering against 'bcc'
[21:39:58] [main/WARN] [ne.ne.fm.lo.FMLConfig/]: ****************************************************************************************
[21:40:00] [main/INFO] [ne.ne.fm.lo.ImmediateWindowHandler/]: ImmediateWindowProvider not loading because launch target is forgeserverdev
[21:40:00] [main/WARN] [CrashAssistantJarInJarHelper/]: launchTarget: forgeserverdev. Crash Assistant is client only mod. Mod will do nothing!
[21:40:01] [main/INFO] [mixin/]: SpongePowered MIXIN Subsystem Version=0.8.7 Source=union:/<USER_HOME>/.gradle/caches/modules-2/files-2.1/net.fabricmc/sponge-mixin/0.15.2+mixin.0.8.7/2af2f021d8e02a0220dc27a7a72b4666d66d44ca/sponge-mixin-0.15.2+mixin.0.8.7.jar%2394!/ Service=ModLauncher Env=SERVER
[21:40:01] [main/WARN] [ne.ne.fm.lo.FMLConfig/]: ****************************** Found dependency overrides ******************************
[21:40:01] [main/WARN] [ne.ne.fm.lo.FMLConfig/]: Dependency overrides for mod 'allthetweaks': adding explicit AFTER ordering against 'bcc'
[21:40:01] [main/WARN] [ne.ne.fm.lo.FMLConfig/]: ****************************************************************************************
[21:40:05] [main/WARN] [ne.ne.ja.se.JarSelector/]: Attempted to select two dependency jars from JarJar which have the same identification: Nested Mod File  in Mod File: <WORKSPACE>\runtime-m3-atm10\mods\tempad-1.21.1-3.0.4-all.jar and Nested Mod File  in Mod File: <WORKSPACE>\runtime-m3-atm10\mods\common-storage-lib-neoforge-1.21.1-0.0.10.jar. Using Nested Mod File  in Mod File: <WORKSPACE>\runtime-m3-atm10\mods\tempad-1.21.1-3.0.4-all.jar
[21:40:05] [main/WARN] [ne.ne.ja.se.JarSelector/]: Attempted to select a dependency jar for JarJar which was passed in as source: athena. Using Mod File: <WORKSPACE>\runtime-m3-atm10\mods\athena-neoforge-1.21.1-4.0.6.jar
[21:40:05] [main/WARN] [ne.ne.ja.se.JarSelector/]: Attempted to select a dependency jar for JarJar which was passed in as source: omegaconfig. Using Mod File: <WORKSPACE>\runtime-m3-atm10\mods\omegaconfig-neoforge-1.5.1.jar
[21:40:05] [main/WARN] [ne.ne.ja.se.JarSelector/]: Attempted to select a dependency jar for JarJar which was passed in as source: resourcefullib. Using Mod File: <WORKSPACE>\runtime-m3-atm10\mods\resourcefullib-neoforge-1.21-3.0.12.jar
[21:40:05] [main/WARN] [ne.ne.ja.se.JarSelector/]: Attempted to select a dependency jar for JarJar which was passed in as source: architectury. Using Mod File: <WORKSPACE>\runtime-m3-atm10\mods\architectury-13.0.11-neoforge.jar
[21:40:05] [main/WARN] [ne.ne.ja.se.JarSelector/]: Attempted to select a dependency jar for JarJar which was passed in as source: mezz_config. Using Mod File: <WORKSPACE>\runtime-m3-atm10\mods\mezz_config-1.21.1-neoforge-0.6.3.jar
[21:40:05] [main/WARN] [ne.ne.ja.se.JarSelector/]: Attempted to select a dependency jar for JarJar which was passed in as source: betteradvancedtooltips. Using Mod File: <WORKSPACE>\runtime-m3-atm10\mods\better-advanced-tooltips-2101.1.0-build.5.jar
[21:40:05] [main/INFO] [ne.ne.fm.lo.mo.lo.JarInJarDependencyLocator/]: Found 111 dependencies adding them to mods collection
[21:40:05] [main/INFO] [ne.ne.fm.lo.mo.ModDiscoverer/]: 
     Mod List:
		Name Version (Mod Id)

		Accelerated Decay 21.0.0 (accelerateddecay)
		Accessories 1.1.0-beta.48+1.21.1 (accessories)
		Actually Additions 1.3.26 (actuallyadditions)
		Ad Astra 1.16.26 (ad_astra)
		Ad Astra: Giselle Addon 8.4 (ad_astra_giselle_addon)
		Additional Entity Attributes 2.0.0+1.21.1 (additionalentityattributes)
		Additional Lights 2.1.10 (additional_lights)
		Advanced AE 1.6.12-1.21.1 (advanced_ae)
		Advanced Peripherals 1.21.1-0.8.1a (advancedperipherals)
		AE2 Import Export Card 1.21.1-1.9.0 (ae2importexportcard)
		AE2 JEI Integration 1.2.1 (ae2jeiintegration)
		AE2:Crafting Tree 1.21.1-1.1.1 (ae2ct)
		AE2AddonLib 1.0.3-1.21.1 (ae2addonlib)
		AE2NetworkAnalyzer 1.21-2.1.5-neoforge (ae2netanalyser)
		AE2WTLib 19.5.1 (ae2wtlib)
		AE2WTLib API 19.5.1 (ae2wtlib_api)
		AEInfinityBooster 1.21.1-1.0.0.58 (aeinfinitybooster)
		AI-Improvements 0.5.3 (aiimprovements)
		Akashic Tome 1.8-30 (akashictome)
		All The Arcanist Gear 1.21.1-21.3.2 (allthearcanistgear)
		All The Leaks 1.1.13+1.21.1-neoforge (alltheleaks)
		All the Wizard Gear 1.21.1-1.2.0 (allthewizardgear)
		AllTheCompressed 4.4.0 (allthecompressed)
		Allthemodium 3.0.1 (allthemodium)
		AllTheOres 3.2.0 (alltheores)
		AllTheTweaks 2.10.0 (allthetweaks)
		AlmostUnified 1.21.1-1.4.2 (almostunified)
		Amendments 1.21-2.1.10 (amendments)
		Apollib 1.2.0 (apollib)
		Apotheosis 8.8.0 (apotheosis)
		Apothic Attributes 2.10.1 (apothic_attributes)
		Apothic Enchanting 1.6.2 (apothic_enchanting)
		Apothic Spawners 1.4.0 (apothic_spawners)
		AppleSkin 3.0.9+mc1.21 (appleskin)
		Applied Energistics 2 19.2.17 (ae2)
		Applied Mekanistics 1.6.3 (appmek)
		AppliedFlux 1.21-2.1.5-neoforge (appflux)
		Aquaculture 2 2.7.21 (aquaculture)
		Architectury 13.0.11 (architectury)
		Ars Additions 1.21.1-21.3.0 (ars_additions)
		Ars Controle 1.21.1-1.6.16 (ars_controle)
		Ars Creo 5.4.0 (ars_creo)
		Ars Elemancy 1.18.3 (ars_elemancy)
		Ars Elemental 0.7.10.1 (ars_elemental)
		Ars Nouveau 5.13.1 (ars_nouveau)
		Ars Ocultas 2.6.1 (ars_ocultas)
		Ars Polymorphia 1.0.3 (ars_polymorphia)
		Ars Technica 2.7.6 (ars_technica)
		Ars Unification 1.2.21 (ars_unification)
		Ars Énergistique 2.1.1-beta (arseng)
		Artifacts 13.2.3 (artifacts)
		Athena 4.0.6 (athena)
		Atlas API 1.21.1-1.2.0 (atlas_api)
		ATM Companion 0.3.0 (atm_companion)
		ATM Companion Optional Pack Smoke Tests 0.3.0 (atm_companion_packtests)
		AttributeFix 21.1.3 (attributefix)
		Auroral 1.21.1-1.1.2 (auroral)
		Bad Wither No Cookie Reloaded 3.20.4 (bwncr)
		Balm 21.0.65 (balm)
		Baubley Heart Canisters 1.21.1-1.4.2 (bhc)
		Better Advanced Tooltips 2101.1.0-build.5 (betteradvancedtooltips)
		Better Compatibility Checker 21.1.8 (bcc)
		Bibliobiomes Legacy 1.6.1 (bibliobiomes)
		Bibliocraft Legacy 1.6.5 (bibliocraft)
		Bibliowoods Legacy 1.6.2 (bibliowoods)
		Blue Flame Burning 1.21.1-1.1.1 (blueflame)
		Bookshelf 21.1.81 (bookshelf)
		Borderless Window 1.21.1-1.7.5_1 (borderlesswindow)
		BotanyPots 21.1.44 (botanypots)
		BotanyPots-Mystical 21.1.12 (botanypotsmystical)
		BotanyTrees 21.1.7 (botanytrees)
		Brandon's Core 3.2.1.309 (brandonscore)
		Bridging Mod 2.6.2+1.21.1 (bridgingmod)
		Building Gadgets 2 1.3.9 (buildinggadgets2)
		Byzantine 51 (byzantine)
		Cable Tiers 1.21.1-0.6.14 (cabletiers)
		Caelus API 7.0.1+1.21.1 (caelus)
		Camol 1.21.1-0.3.1 (camol)
		CatJammies 1.21-1.7.1 (catjammies)
		CC: Tweaked 1.120.2 (computercraft)
		Charging Gadgets 1.14.1 (charginggadgets)
		Chipped 4.0.2 (chipped)
		Chisel Reborn 2.0.1+mc1.21.1 (chisel)
		ChoiceTheorem's Overhauled Village 3.6.3 (ctov)
		Chroma Carvings 1.21.1-0.2.0 (chromacarvings)
		Clean Swing 1.10 (cleanswing)
		Cloth Config v15 API 15.0.140 (cloth_config)
		Cloud Glass 1.0.2 (cloudglass)
		Clumps 19.0.0.1 (clumps)
		Cobblegen Galore 1.21.1-0.2.9 (cobblegengalore)
		Cobweb 1.4.0 (cobweb)
		CodeChicken Lib 4.6.1.529 (codechickenlib)
		CodecUI 1.21.1-1.4.5 (codecui)
		Comforts 9.0.5+1.21.1 (comforts)
		Common Networking 1.0.21-1.21.1 (commonnetworking)
		Common Storage Lib: Core 0.0.10 (common_storage_lib)
		Common Storage Lib: Data 0.0.7 (common_storage_lib_data)
		Common Storage Lib: Lookup 0.0.10 (common_storage_lib_lookup)
		Common Storage Lib: Resources 0.0.10 (common_storage_lib_resources)
		CommonCapabilities 2.11.6 (commoncapabilities)
		Compact Machines 7.0.81 (compactmachines)
		conditional mixin 0.6.4 (conditional_mixin)
		Connected Glass 1.1.14 (connectedglass)
		ConnectedTexturesMod 1.21-1.2.1+3 (ctm)
		Connectivity Mod 7.6 (connectivity)
		Construction Sticks 1.5.0 (constructionstick)
		Controlling 19.0.5 (controlling)
		Cooking for Blockheads 21.1.24 (cookingforblockheads)
		Corail Tombstone 9.5.6 (tombstone)
		CorgiLib 5.0.0.9 (corgilib)
		CosmeticArmorReworked 1.21.1-v1-neoforge (cosmeticarmorreworked)
		Crafting On A Stick 1.21.0.6 (crafting_on_a_stick)
		Crafting Tweaks 21.1.11 (craftingtweaks)
		Crash Assistant 1.11.12 (crash_assistant)
		Crash Utilities 9.0.4 (crashutilities)
		Create 6.0.10 (create)
		Create Aquatic Ambitions 2.0.4 (create_aquatic_ambitions)
		Create Crafts & Additions 1.7.1 (createaddition)
		Create Hypertube 0.6.0 (create_hypertube)
		Create: Bells & Whistles 0.4.7-1.21.1 (bellsandwhistles)
		Create: Copycats+ 3.0.9+mc.1.21.1-neoforge (copycats)
		Create: Dragons Plus 1.11.9 (create_dragons_plus)
		Create: Enchantment Industry 2.5.4 (create_enchantment_industry)
		Creeper Overhaul 4.0.6 (creeperoverhaul)
		Cristel Lib 3.1.7 (cristellib)
		Cryonic Config 1.0.0+mc1.21.11 (cryonicconfig)
		Crystalix 3.0.1 (crystalix)
		Cucumber Library 8.0.16 (cucumber)
		Cumulus 2.0.7 (cumulus_menus)
		Cupboard mod 4.2 (cupboard)
		Curios API 9.5.1+1.21.1 (curios)
		Cyclops Core 1.30.0 (cyclopscore)
		Deeper and Darker 1.4.1 (deeperdarker)
		Deimos 2.7 (deimos)
		DimStorage 9.1.1 (dimstorage)
		Dis-Enchanting Table 5.0.2 (disenchanting_table)
		Domum Ornamentum 1.0.236-snapshot (domum_ornamentum)
		Draconic Evolution 3.1.4.633 (draconicevolution)
		Dungeon Crawl 2.3.17 (dungeoncrawl)
		Dyenamics 1.21.1-3.4.2 (dyenamics)
		Dyenamics and Friends 1.21.1-2.2.2 (dyenamicsandfriends)
		Dyson Cube Project 1.0.5 (dysoncubeproject)
		Easy Villagers 1.21.1-1.1.42 (easy_villagers)
		EdivadLib 3.0.0 (edivadlib)
		ElevatorMod 1.21.1-1.11.4 (elevatorid)
		EnchantmentDescriptions 21.1.11 (enchdesc)
		Ender Core 8.2.12-beta (endercore)
		Ender Drives 1.5.23 (enderdrives)
		Ender IO 8.2.12-beta (enderio)
		Ender IO - Modded Conduits 8.2.12-beta (enderio_modded_conduits)
		Enderman Overhaul 2.0.3 (endermanoverhaul)
		EnderStorage 2.13.0.191 (enderstorage)
		Energy Meter 1.21.1-0.5.2 (energymeter)
		Entangled 1.3.21 (entangled)
		Eternal Starlight 0.9.1+1.21.1+neoforge (eternal_starlight)
		Everything is Copper 1.21.1-2.4.5 (everythingcopper)
		EvilCraft 1.2.96 (evilcraft)
		ExpandAbility 12.0.0 (expandability)
		Expanded AE 2.1.3 (expandedae)
		ExperienceLib 1.2.1 (experiencelib)
		Explorer's Compass 1.21.1-3.4.0-neoforge (explorerscompass)
		Explorify 1.6.5 (explorify)
		Extended Industrialization 1.16.2-1.21.1 (extended_industrialization)
		ExtendedAE 1.21-2.2.38-neoforge (extendedae)
		Extra Disks 1.21.1-4.0.15 (extradisks)
		ExtraStorage 5.0.10 (extrastorage)
		Extreme Reactors 1.21.1-2.4.28 (bigreactors)
		Factory Blocks 1.4.0+mc1.21.1 (factory_blocks)
		Farmer's Delight 1.3.4 (farmersdelight)
		Farming for Blockheads 21.1.13 (farmingforblockheads)
		Fast Suite 6.0.7 (fastsuite)
		Fast Workbench 9.1.3 (fastbench)
		FastFurnace 9.0.1 (fastfurnace)
		Ferrite Core 7.0.3 (ferritecore)
		Fireproof Boats 1.21.1-1.0.4 (fireproofboats)
		FlickerFix 6.1.0 (flickerfix)
		Flux Networks 8.0.0 (fluxnetworks)
		Flywheel 1.0.6 (flywheel)
		Forbidden Arcanus 2.6.1 (forbidden_arcanus)
		Forgified Fabric API Base 0.4.42+d1308dedd1 (fabric_api_base)
		Formations 1.0.4 (formations)
		Formations Nether 1.0.5+b (formationsnether)
		Formations Overworld 1.0.5+c (formationsoverworld)
		FramedBlocks 10.6.2 (framedblocks)
		Framework 0.13.11 (framework)
		FTB Chunks 2101.1.22 (ftbchunks)
		FTB Essentials 2101.1.10 (ftbessentials)
		FTB Filter System 21.1.4 (ftbfiltersystem)
		FTB Jei Extras 21.1.7 (ftbjeiextras)
		FTB Library 2101.1.36 (ftblibrary)
		FTB Quests 2101.1.36 (ftbquests)
		FTB Quests Lang Splitter 1.0.7 (ftbquestslangsplitter)
		FTB Ranks 2101.1.5 (ftbranks)
		FTB Teams 2101.1.11 (ftbteams)
		FTB Ultimine 2101.1.15 (ftbultimine)
		FTB XMod Compat 21.1.12 (ftbxmodcompat)
		Fuel Goes Here 1.21.1-1.2.0 (fuelgoeshere)
		Functional Storage 1.21.1-1.5.8 (functionalstorage)
		Fusion 1.3.15+b (fusion)
		Fzzy Config 0.7.7+1.21+neoforge (fzzy_config)
		Gateways To Eternity 5.1.0 (gateways)
		GeckoLib 4 4.9.3 (geckolib)
		Generator Galore 1.21.1-1.7.0 (generatorgalore)
		Get It Together, Drops! 1.4 (getittogetherdrops)
		Glassential-renewed 3.4.7 (glassential)
		Glodium 1.21-2.2-neoforge (glodium)
		Grand Power 3.0.2 (grandpower)
		Gravitational Modulating Additional Unit 6.4 (gmut)
		GuideME 21.1.19 (guideme)
		Handcrafted 4.0.3 (handcrafted)
		Hardened Armadillos 1.21.1-0.2.0 (hardenedarmadillos)
		Hellish Trials 1.0.5 (hellish_trials)
		Hey Berry! SHUT UP 1.21.0-2.0.4 (heyberryshutup)
		Hostile Neural Networks 6.5.1 (hostilenetworks)
		I'm Fast 1.0.3 (imfast)
		Ice And Fire Community Edition 2.0-beta.17 (iceandfire)
		Illager-Warship 1.0.1 (illagerwarship)
		ImmediatelyFast 1.6.14+1.21.1 (immediatelyfast)
		Immersive Energistics 1.1.0-beta (immeng)
		Immersive Engineering 12.4.2-194 (immersiveengineering)
		InControl 1.21-10.3.0 (incontrol)
		Industrial Foregoing 1.21-3.6.39 (industrialforegoing)
		Industrial Foregoing Souls 1.10.7 (industrialforegoingsouls)
		Industrialization Overdrive 1.14.0+1.21.1 (industrialization_overdrive)
		Infiniverse 2.0.1.0 (infiniverse)
		IntegratedCrafting 1.7.2 (integratedcrafting)
		IntegratedDynamics 1.37.1 (integrateddynamics)
		IntegratedScripting 1.0.27 (integratedscripting)
		IntegratedTerminals 1.10.0 (integratedterminals)
		IntegratedTunnels 1.12.0 (integratedtunnels)
		Integration 0.2 (integration)
		Interdimensional Wireless Transmitter 1.21.1-0.1.5 (interdimensionalwirelesstransmitter)
		Invasive Optimizations 1.0.24 (invasiveopts)
		Inventory Tweaks Refoxed 1.21.1-1.3.2 (invtweaks)
		IrisSearch 1.8.1-neoforge (iris_search)
		Iron Furnaces 4.3.2 (ironfurnaces)
		Iron Jetpacks 8.0.11 (ironjetpacks)
		Iron's Gems 'n Jewelry 1.21.1-2.0.2 (irons_jewelry)
		Iron's Lib 1.21.1-2.1.1 (irons_lib)
		Iron's Spells 'n Spellbooks 1.21.1-3.16.3 (irons_spellbooks)
		Item Collectors 1.1.10 (itemcollectors)
		Jade 15.10.6+neoforge (jade)
		Jonn's Trophies 1.21.1-3.0.0 (trophymanager)
		Journeymap 1.21.1-6.0.9 (journeymap)
		JourneyMap API 2.0.0-1.21.1 (journeymap_api)
		Jumpy Boats 1.21.0-1.0.5 (jumpboat)
		Jupiter 2.3.7 (jupiter)
		Just Dire Things 1.5.7 (justdirethings)
		Just Enough Archaeology 1.21.1-1.2.0 (jearchaeology)
		Just Enough Items 19.57.0.446 (jei)
		Just Enough Mekanism Multiblocks 7.21 (jei_mekanism_multiblocks)
		Just Enough Professions (JEP) 4.0.5 (justenoughprofessions)
		Just Enough Stuff 1.21.1-1.2.1 (jeistuff)
		KeybindsPurger 1.4.0 (keybindspurger)
		Kotlin For Forge 5.12.0 (kotlinforforge)
		KubeJS 2101.7.2-build.374 (kubejs)
		KubeJS Tweaks 1.0.6 (kubejstweaks)
		KumaAPI 21.0.8 (kuma_api)
		L_Ender's Cataclysm 1.21.1 3.33 (cataclysm)
		LambDynamicLights (API) 4.5.1+1.21.1 (lambdynlights_api)
		Laser Bridges 6 (laserbridges)
		LaserIO 1.9.11 (laserio)
		lionfishapi 3.1 (lionfishapi)
		Lithostitched 1.8.0 (lithostitched)
		Little Big Redstone 1.9.11-1.21.1 (little_big_redstone)
		Living Things 1.21.1-2.3.2 (livingthings)
		Load My F***ing Tags 1.1.1+1.21.9 (lmft)
		LogisticsNetworks 1.16.3 (logisticsnetworks)
		Lootr 1.21.1-1.11.38.126 (lootr)
		Luminax 1.3.1 (luminax)
		Macaw's Bridges 3.1.2 (mcwbridges)
		Macaw's Doors 1.1.5 (mcwdoors)
		Macaw's Fences and Walls 1.2.1 (mcwfences)
		Macaw's Furniture 3.4.1 (mcwfurnitures)
		Macaw's Holidays 1.1.2 (mcwholidays)
		Macaw's Lights and Lamps 1.1.5 (mcwlights)
		Macaw's Paths and Pavings 1.1.1 (mcwpaths)
		Macaw's Roofs 2.3.2 (mcwroofs)
		Macaw's Stairs and Balconies 1.0.2 (mcwstairs)
		Macaw's Trapdoors 1.1.5 (mcwtrpdoors)
		Macaw's Windows 2.4.2 (mcwwindows)
		Mahou Tsukai 1.21.1-v1.36.28 (mahoutsukai)
		Mama's Herbs and Harvest 1.21.1-21 (herbsandharvest)
		Mama's MerryMaking 1.21.1-16 (merrymaking)
		McJtyLib 1.21-9.0.21 (mcjtylib)
		ME Requester 1.21.1-1.5.0 (merequester)
		Measurements 3.0.3 (measurements)
		MEGA Cells 4.11.0 (megacells)
		Mekanism 10.7.19 (mekanism)
		Mekanism Covers 1.3-BETA+1.21 (mekanismcovers)
		Mekanism: Generators 10.7.19 (mekanismgenerators)
		Mekanism: MoreMachine 1.4.1 (mekmm)
		Mekanism: Tools 10.7.19 (mekanismtools)
		Mekanistic Routers 1.2.0 (mekanisticrouters)
		Melody 1.0.10 (melody)
		memorysettings mod 6.0 (memorysettings)
		MezzConfig 0.6.3 (mezz_config)
		MineColonies 1.1.1396-1.21.1-snapshot (minecolonies)
		Minecraft 1.21.1 (minecraft)
		Mining Gadgets 1.18.8 (mininggadgets)
		MmmMmmMmmMmm 1.21-2.1.2 (dummmmmmy)
		Mo' Structures 1.6.0+1.21.1 (mostructures)
		Mob Grinding Utils 1.1.10+mc1.21.1 (mob_grinding_utils)
		ModderNameLib 2026.08.31 (modder_name_lib)
		Modern Dynamics 0.9.6 (moderndynamics)
		Modern Industrialization 2.5.8 (modern_industrialization)
		ModernFix 5.27.24+mc1.21.1 (modernfix)
		Modonomicon 1.120.4 (modonomicon)
		Modular Force Field System 5.4.44 (mffs)
		Modular Routers 13.2.7 (modularrouters)
		ModularBees 1.21.1-3.4-neoforge (modularbees)
		MonoLib 4.1.0 (monolib)
		Moog's Structure Lib 3.3.1 (moogs_structures)
		MoogsEndStructures 2.1.1 (mes)
		MoogsNetherStructures 3.1.1 (mns)
		MoogsSoaringStructures 2.2.0 (mss)
		MoogsVoyagerStructures 5.1.2 (mvs)
		Moonlight Lib 1.21.1-3.6.8 (moonlight)
		More Dragon Eggs 5.0 (moredragoneggs)
		More Industrial Foregoing Addons 2.1.0 (mifa)
		More Red 6.0.0.3 (morered)
		More Red x CC:Tweaked Compat 1.21.1-1.3.0 (moreredxcctcompat)
		Mouse Tweaks 2.26.1 (mousetweaks)
		MrCrayfish's Furniture Mod: Refurbished 1.0.22 (refurbished_furniture)
		Multi-Piston 1.2.58-1.21.1 (multipiston)
		Mystical Agradditions 8.0.14 (mysticalagradditions)
		Mystical Agriculture 8.0.28 (mysticalagriculture)
		Mystical Customization 6.0.2 (mysticalcustomization)
		Nature's Compass 1.21.1-3.4.0-neoforge (naturescompass)
		NaturesAura 41.10 (naturesaura)
		Neo Vitae 1.1.26 (neovitae)
		NeoForge 21.1.251 (neoforge)
		NetherPortalFix 21.1.1 (netherportalfix)
		Nitrogen 1.1.25 (nitrogen_internals)
		No Chat Reports 1.21.1-v2.9.1 (nochatreports)
		No Villager Death Messages 6.0.0 (novillagerdm)
		Not Enough Glyphs 4.6.2 (not_enough_glyphs)
		Nuggets 1.1.0.48 (nuggets)
		Nullscape 1.2.14 (nullscape)
		Observable 5.4.4 (observable)
		Occultism 1.224.4 (occultism)
		Occultism KubeJS 1.11.0 (occultism_kubejs)
		OctoLib 0.6.2 (octolib)
		Oh The Biomes We've Gone 2.6.0 (biomeswevegone)
		Oh The Trees You'll Grow 5.3.2 (ohthetreesyoullgrow)
		Olympus 1.0.18 (olympus)
		Omega Config Architectury 1.5.1 (omegaconfig)
		OpenLoader 21.1.5 (openloader)
		Oracle Index 1.4.0 (oracle_index)
		Oritech 1.2.12 (oritech)
		Overlapless 1.21.1-1.2.0 (overlapless)
		OverloadedArmorBar 2 (overloadedarmorbar)
		oωo 0.12.15.5-beta.1+1.21 (owo)
		Pam's HarvestCraft - Crops 1.0.9 (pamhc2crops)
		Pam's HarvestCraft - Food Core 1.0.4 (pamhc2foodcore)
		Pam's HarvestCraft - Food Extended 1.0.0 (pamhc2foodextended)
		Pam's HarvestCraft - Trees 1.0.9 (pamhc2trees)
		Patchouli 1.21.1-93-NEOFORGE (patchouli)
		Pipez 1.21.1-1.2.31 (pipez)
		Placebo 9.9.2 (placebo)
		Player Animator 2.0.4+1.21.1 (playeranimator)
		PneumaticCraft: Repressurized 8.2.23 (pneumaticcraft)
		Pocket Storage 1.2.5 (pocketstorage)
		PolyLib 2100.1.0-build.183 (polylib)
		Polymorph 1.2.0+1.21.1 (polymorph)
		Polymorphic Energistics 0.4.1 (polyeng)
		Ponder 1.0.82+mc1.21.1 (ponder)
		PonderJS 1.21.1-2.4.0 (ponderjs)
		PotionsMaster 1.0.1 (potionsmaster)
		Powah 6.2.10 (powah)
		PrickleMC 21.1.11 (prickle)
		Productive Bees 1.21.1-13.13.5 (productivebees)
		Productive Lib 1.21.1-0.2.0 (productivelib)
		Productive Metalworks 1.21.1-1.15.1 (productivemetalworks)
		Productive Trees 1.21.1-1.1.1 (productivetrees)
		Pylons 5.4.2 (pylons)
		QuarryPlus 21.1.164 (quarryplus)
		Railcraft Reborn 1.2.10 (railcraft)
		Ranged Pumps 1.3.0 (rangedpumps)
		Rebind Narrator 2026.08.31 (rebind_narrator)
		Rechiseled 1.2.6 (rechiseled)
		Rechiseled: Chipped 1.3 (rechiseled_chipped)
		Rechiseled: Create 1.1.1 (rechiseledcreate)
		Redstone Pen 1.11.42 (redstonepen)
		Refined Storage 2.0.9 (refinedstorage)
		Refined Storage - Curios Integration 1.0.0 (refinedstorage_curios_integration)
		Refined Storage - JEI Integration 1.0.0 (refinedstorage_jei_integration)
		Refined Storage - Mekanism Integration 1.1.1 (refinedstorage_mekanism_integration)
		Refined Storage - Quartz Arsenal 1.0.8 (refinedstorage_quartz_arsenal)
		Refined Types 1.21.1-0.3.2 (refinedtypes)
		Regions Unexplored 0.5.9 (regions_unexplored)
		Relics 0.12.8 (relics)
		Reliquary Reincarnations 2.0.80 (reliquary)
		reliquified_artifacts 1.0.8 (reliquified_artifacts)
		Repeatable Trial Vaults 1.0.3 (repeatable_trial_vaults)
		Repurposed Structures 7.5.22+1.21.1-neoforge (repurposed_structures)
		Resourceful Lib 3.0.12 (resourcefullib)
		Resourceful Lib Kotlin 2.0.2 (resourcefullibkt)
		Resourcefulconfig 3.0.11 (resourcefulconfig)
		Restrictions 1.21-7.0.3 (restrictions)
		RFToolsBase 1.21-6.0.11 (rftoolsbase)
		RFToolsBuilder 1.21-7.0.6 (rftoolsbuilder)
		RFToolsPower 1.21-7.0.6 (rftoolspower)
		RFToolsStorage 1.21-6.0.5 (rftoolsstorage)
		RFToolsUtility 1.21-7.0.12 (rftoolsutility)
		Rhino 2101.2.8-build.91 (rhino)
		Roots Classic 1.21.1-1.5.10 (rootsclassic)
		Sable Companion 1.6.0 (sablecompanion)
		Sauce Library 0.0.50.97 (sauce)
		Searchables 1.0.2 (searchables)
		SecurityCraft 1.10.2.1 (securitycraft)
		Shiny! 1.21.1-1.3.0 (shiny)
		Shrink 2.0.1.47 (shrink)
		Silent Gear 4.2.1.1 (silentgear)
		Silent Gear Metalworks 1.21.1-1.5.0 (sgearmetalworks)
		Silent Lib 10.6.0 (silentlib)
		Silent's Gems 5.1.3 (silentgems)
		Simple Magnets 1.1.12+c (simplemagnets)
		Simply Light 1.5.3 (simplylight)
		SmartBrainLib 1.16.11 (smartbrainlib)
		Sophisticated Backpacks 3.26.3 (sophisticatedbackpacks)
		Sophisticated Backpacks Create Integration 0.2.0 (sophisticatedbackpackscreateintegration)
		Sophisticated Core 1.5.1 (sophisticatedcore)
		Sophisticated Storage 1.5.91 (sophisticatedstorage)
		Sophisticated Storage Create Integration 0.1.21 (sophisticatedstoragecreateintegration)
		Sophisticated Storage In Motion 0.10.34 (sophisticatedstorageinmotion)
		Soulplied Energistics 1.0.3 (soulplied_energistics)
		spark 1.10.124 (spark)
		SpectreLib 0.17.2+1.21 (spectrelib)
		Spice of Life: Carrot Edition 1.16.6 (solcarrot)
		Starbunclemania 1.5.8 (starbunclemania)
		Step Crafter 1.21.1-0.1.9 (stepcrafter)
		StevesCarts2 1.2.18 (stevescarts)
		Storage Delight 26.09.17-1.21-neoforge (storagedelight)
		Structory 1.3.17 (structory)
		Structory: Towers 1.0.16 (structory_towers)
		Structurize 1.0.833-1.21.1-snapshot (structurize)
		Stylecolonies 1.15.59-1.21.1 (stylecolonies)
		Super Factory Manager (SFM) 4.34.0 (sfm)
		SuperMartijn642's Config Library 1.1.8 (supermartijn642configlib)
		SuperMartijn642's Core Lib 1.1.24+a (supermartijn642corelib)
		Supplementaries 1.21.1-3.9.9 (supplementaries)
		Sushi Go Crafting 0.6.6 (sushigocrafting)
		Sussy Sniffers 1.21.1-0.1.3 (sussysniffers)
		Tempad 3.0.4 (tempad)
		TerraBlender 4.1.0.8 (terrablender)
		Tesseract API 1.12.16-1.21.1 (tesseract_api)
		The Aether 1.5.10 (aether)
		The Bumblezone 7.16.1+1.21.1-neoforge (the_bumblezone)
		The Twilight Forest 4.8.3345 (twilightforest)
		The Undergarden 0.9.6 (undergarden)
		Theurgy 1.76.1 (theurgy)
		Theurgy KubeJS 1.6.0 (theurgy_kubejs)
		Time In A Bottle 6.5.4 (tiab)
		Titanium 4.0.50 (titanium)
		Toast Control 9.0.1 (toastcontrol)
		Tool Belt 2.2.10 (toolbelt)
		Torchmaster 21.1.12 (torchmaster)
		Towns and Towers 1.13.11 (t_and_t)
		Towntalk 1.2.0 (towntalk)
		Transfer Labels 0.1.9 (transfer_labels)
		Trash Cans 1.1.0 (trashcans)
		TrashSlot 21.1.11 (trashslot)
		Tree Tap 1.21.1-0.4.6 (treetap)
		UI Library Mod 1.0.212-1.21.1-snapshot (blockui)
		Underground Villages Mod 4.0.3 (underground_villages)
		Universal Grid 1.21.1-0.3.2 (universalgrid)
		Universal Sawmill 1.21-1.8.1 (sawmill)
		Uranus 2.4.1-bugfix (uranus)
		Utilitarian 1.21.1-0.19.2 (utilitarian)
		Utility vest 1.3.0 (utilityvest)
		Valhelsia Core 1.1.5 (valhelsia_core)
		Variants&Ventures 1.0.26 (variantsandventures)
		Villages & Pillages 1.0.3 (villagesandpillages)
		Waystones 21.1.45 (waystones)
		When Dungeons Arise 2.1.68 (dungeons_arise)
		Wireless Chargers 1.0.9+a (wirelesschargers)
		Wither Skeleton Tweaks 10.1.1 (wstweaks)
		Wits 1.3.1 (wits)
		XNet 1.21-7.0.7 (xnet)
		XTones Reworked 1.1.1-1.21.1 (xtonesreworked)
		XyCraft Core 0.7.53 (xycraft_core)
		XyCraft Machines 0.7.53 (xycraft_machines)
		XyCraft Override 0.7.53 (xycraft_override)
		XyCraft World 0.7.53 (xycraft_world)
		Yeetus Experimentus 87.0.0 (yeetusexperimentus)
		YetAnotherConfigLib 3.8.2+1.21.1-neoforge (yet_another_config_lib_v3)
		YUNG's API 1.21.1-NeoForge-5.1.9 (yungsapi)
		YUNG's Better Desert Temples 1.21.1-NeoForge-4.1.5 (betterdeserttemples)
		YUNG's Better Dungeons 1.21.1-NeoForge-5.1.4 (betterdungeons)
		YUNG's Better End Island 1.21.1-NeoForge-3.1.2 (betterendisland)
		YUNG's Better Jungle Temples 1.21.1-NeoForge-3.1.2 (betterjungletemples)
		YUNG's Better Mineshafts 1.21.1-NeoForge-5.1.1 (bettermineshafts)
		YUNG's Better Nether Fortresses 1.21.1-NeoForge-3.1.5 (betterfortresses)
		YUNG's Better Ocean Monuments 1.21.1-NeoForge-4.1.2 (betteroceanmonuments)
		YUNG's Better Strongholds 1.21.1-NeoForge-5.1.3 (betterstrongholds)
		YUNG's Better Witch Huts 1.21.1-NeoForge-4.1.1 (betterwitchhuts)
		YUNG's Extras 1.21.1-NeoForge-5.1.1 (yungsextras)
		Zero CORE 2 1.21.1-2.4.21 (zerocore)
[21:40:07] [main/INFO] [ne.ne.fm.lo.FMLServiceProvider/CORE]: Loading coremod script-engine for [apothic_enchanting]
[21:40:20] [main/INFO] [mixin/]: Compatibility level set to JAVA_17
[21:40:20] [main/INFO] [mixin/]: Compatibility level set to JAVA_18
[21:40:20] [main/INFO] [mixin/]: Compatibility level set to JAVA_21
[21:40:21] [main/INFO] [cp.mo.mo.LaunchServiceHandler/MODLAUNCHER]: Launching target 'forgeserverdev' with arguments [--gameDir, .]
[21:40:21] [main/WARN] [mixin/]: Reference map 'betterdungeons.refmap.json' for betterdungeons.mixins.json could not be read. If this is a development environment you can ignore this message
[21:40:21] [main/WARN] [mixin/]: Reference map 'disenchanting_table.refmap.json' for neoforge-disenchanting_table.mixins.json could not be read. If this is a development environment you can ignore this message
[21:40:21] [main/WARN] [mixin/]: Reference map 'mixins.mffs.refmap.json' for mffs.mixins.json could not be read. If this is a development environment you can ignore this message
[21:40:21] [main/WARN] [mixin/]: Reference map 'ad_astra_giselle_addon.mixin.refmap.json' for ad_astra_giselle_addon.mixin.client.json could not be read. If this is a development environment you can ignore this message
[21:40:21] [main/WARN] [mixin/]: Reference map 'ad_astra_giselle_addon.mixin.refmap.json' for ad_astra_giselle_addon.mixin.common.json could not be read. If this is a development environment you can ignore this message
[21:40:21] [main/WARN] [mixin/]: Reference map 'ad_astra_giselle_addon.mixin.refmap.json' for ad_astra_giselle_addon.mixin.neoforge.client.json could not be read. If this is a development environment you can ignore this message
[21:40:21] [main/WARN] [mixin/]: Reference map 'ad_astra_giselle_addon.mixin.refmap.json' for ad_astra_giselle_addon.mixin.neoforge.common.json could not be read. If this is a development environment you can ignore this message
[21:40:21] [main/INFO] [ModernFix/]: Loaded configuration file for ModernFix 5.27.24+mc1.21.1: 89 options available, 2 override(s) found
[21:40:21] [main/WARN] [ModernFix/]: ModernFix stability level is set to BETA. Features at this level may be unstable or cause crashes.
[21:40:21] [main/WARN] [ModernFix/]: Option 'mixin.perf.dynamic_resources' overriden (by user configuration) to 'true'
[21:40:21] [main/WARN] [ModernFix/]: Option 'stability_level' overriden (by user configuration) to 'BETA'
[21:40:21] [main/INFO] [ModernFix/]: Applying Nashorn fix
[21:40:21] [main/WARN] [mixin/]: Reference map 'yungsapi.refmap.json' for yungsapi.mixins.json could not be read. If this is a development environment you can ignore this message
[21:40:21] [main/WARN] [mixin/]: Reference map 'gateways.refmap.json' for gateways.mixins.json could not be read. If this is a development environment you can ignore this message
[21:40:21] [main/WARN] [mixin/]: Reference map 'betterfortresses.refmap.json' for betterfortresses.mixins.json could not be read. If this is a development environment you can ignore this message
[21:40:21] [main/WARN] [mixin/]: Reference map 'camol.refmap.json' for camol.mixin.json could not be read. If this is a development environment you can ignore this message
[21:40:21] [main/WARN] [mixin/]: Reference map 'mixins.tombstone.refmap.json' for tombstone.mixins.json could not be read. If this is a development environment you can ignore this message
[21:40:21] [main/WARN] [mixin/]: Reference map '' for accessories-common.mixins.json could not be read. If this is a development environment you can ignore this message
[21:40:21] [main/WARN] [mixin/]: Reference map '' for accessories-forge.mixins.json could not be read. If this is a development environment you can ignore this message
[21:40:21] [main/WARN] [mixin/]: Reference map 'cumulus_menus.refmap.json' for cumulus_menus.mixins.json could not be read. If this is a development environment you can ignore this message
[21:40:21] [main/WARN] [mixin/]: Reference map 'cumulus_menus.refmap.json' for cumulus_menus.neoforge.mixins.json could not be read. If this is a development environment you can ignore this message
[21:40:21] [main/WARN] [mixin/]: Reference map 'betterendisland.refmap.json' for betterendisland.mixins.json could not be read. If this is a development environment you can ignore this message
[21:40:21] [main/WARN] [mixin/]: Reference map 'nitrogen_internals.refmap.json' for nitrogen_internals.mixins.json could not be read. If this is a development environment you can ignore this message
[21:40:21] [main/WARN] [mixin/]: Reference map 'transfer_labels.refmap.json' for transfer_labels.mixins.json could not be read. If this is a development environment you can ignore this message
[21:40:21] [main/WARN] [mixin/]: Reference map 'betterjungletemples.refmap.json' for betterjungletemples.mixins.json could not be read. If this is a development environment you can ignore this message
[21:40:21] [main/WARN] [mixin/]: Reference map 'mixins.borderlesswindow.refmap.json' for mixins.borderlesswindow.json could not be read. If this is a development environment you can ignore this message
[21:40:21] [main/WARN] [mixin/]: Reference map 'irons_lib.refmap.json' for irons_lib.mixins.json could not be read. If this is a development environment you can ignore this message
[21:40:21] [main/WARN] [mixin/]: Reference map 'attributefix.refmap.json' for attributefix.mixins.json could not be read. If this is a development environment you can ignore this message
[21:40:21] [main/WARN] [mixin/]: Reference map 'laserbridges.refmap.json' for laserbridges.mixins.json could not be read. If this is a development environment you can ignore this message
[21:40:21] [main/WARN] [mixin/]: Reference map 'botanypots.refmap.json' for botanypots.mixins.json could not be read. If this is a development environment you can ignore this message
[21:40:21] [main/WARN] [mixin/]: Reference map 'farmingforblockheads.refmap.json' for farmingforblockheads.mixins.json could not be read. If this is a development environment you can ignore this message
[21:40:21] [main/WARN] [mixin/]: Reference map 'terrablender.refmap.json' for terrablender.mixins.json could not be read. If this is a development environment you can ignore this message
[21:40:21] [main/WARN] [mixin/]: Reference map 'terrablender.refmap.json' for terrablender_neoforge.mixins.json could not be read. If this is a development environment you can ignore this message
[21:40:21] [main/WARN] [mixin/]: Reference map 'livingthings.refmap.json' for livingthings.mixins.json could not be read. If this is a development environment you can ignore this message
[21:40:21] [main/WARN] [mixin/]: Reference map 'securitycraft.refmap.json' for securitycraft.mixins.json could not be read. If this is a development environment you can ignore this message
[21:40:21] [main/WARN] [mixin/]: Reference map 'kuma_api.refmap.json' for kuma_api.mixins.json could not be read. If this is a development environment you can ignore this message
[21:40:21] [main/WARN] [mixin/]: Reference map 'fireproofboats.refmap.json' for fireproofboats.mixin.json could not be read. If this is a development environment you can ignore this message
[21:40:21] [main/WARN] [mixin/]: Reference map 'betteroceanmonuments.refmap.json' for betteroceanmonuments.mixins.json could not be read. If this is a development environment you can ignore this message
[21:40:21] [main/WARN] [mixin/]: Reference map 'glassential.refmap.json' for glassential.mixins.json could not be read. If this is a development environment you can ignore this message
[21:40:21] [main/WARN] [mixin/]: Reference map 'placebo.refmap.json' for placebo.mixins.json could not be read. If this is a development environment you can ignore this message
[21:40:21] [main/WARN] [mixin/]: Reference map 'fastfurnace.refmap.json' for fastfurnace.mixins.json could not be read. If this is a development environment you can ignore this message
[21:40:21] [main/WARN] [mixin/]: Reference map 'cobweb.refmap.json' for cobweb.mixins.json could not be read. If this is a development environment you can ignore this message
[21:40:21] [main/WARN] [mixin/]: Reference map 'bookshelf.refmap.json' for bookshelf.mixins.json could not be read. If this is a development environment you can ignore this message
[21:40:21] [main/WARN] [mixin/]: Reference map 'utilitarian.refmap.json' for utilitarian.mixin.json could not be read. If this is a development environment you can ignore this message
[21:40:21] [main/WARN] [mixin/]: Reference map 'melody.refmap.json' for melody.mixins.json could not be read. If this is a development environment you can ignore this message
[21:40:21] [main/WARN] [mixin/]: Reference map 'melody.refmap.json' for melody.neoforge.mixins.json could not be read. If this is a development environment you can ignore this message
[21:40:21] [main/WARN] [mixin/]: Reference map 'rechiseled_chipped.refmap.json' for rechiseled_chipped.mixins.json could not be read. If this is a development environment you can ignore this message
[21:40:21] [main/WARN] [mixin/]: Reference map 'hostilenetworks.refmap.json' for hostilenetworks.mixins.json could not be read. If this is a development environment you can ignore this message
[21:40:21] [main/WARN] [mixin/]: Reference map 'fuelgoeshere.refmap.json' for fuelgoeshere.mixin.json could not be read. If this is a development environment you can ignore this message
[21:40:21] [main/WARN] [mixin/]: Reference map 'lionfishapi.refmap.json' for lionfishapi.mixins.json could not be read. If this is a development environment you can ignore this message
[21:40:21] [main/WARN] [mixin/]: Reference map 'memorysettings.refmap.json' for memorysettings.mixins.json could not be read. If this is a development environment you can ignore this message
[21:40:21] [main/WARN] [mixin/]: Reference map 'cataclysm.refmap.json' for cataclysm.mixins.json could not be read. If this is a development environment you can ignore this message
[21:40:21] [main/WARN] [mixin/]: Reference map 'create_hypertube.refmap.json' for create_hypertube.mixins.json could not be read. If this is a development environment you can ignore this message
[21:40:21] [main/WARN] [mixin/]: Reference map 'conflict_fix.refmap.json' for conflict_fix.mixins.json could not be read. If this is a development environment you can ignore this message
[21:40:21] [main/WARN] [mixin/]: Reference map 'hardenedarmadillos.refmap.json' for hardenedarmadillos.mixin.json could not be read. If this is a development environment you can ignore this message
[21:40:21] [main/WARN] [mixin/]: Reference map 'monolib.refmap.json' for monolib.mixins.json could not be read. If this is a development environment you can ignore this message
[21:40:21] [main/WARN] [mixin/]: Reference map 'dyenamics.refmap.json' for dyenamics.mixin.json could not be read. If this is a development environment you can ignore this message
[21:40:21] [main/WARN] [mixin/]: Reference map 'clumps.refmap.json' for clumps.mixins.json could not be read. If this is a development environment you can ignore this message
[21:40:21] [main/WARN] [mixin/]: Reference map 'xycraft_core.refmap.json' for xycraft_core.mixins.json could not be read. If this is a development environment you can ignore this message
[21:40:21] [main/WARN] [mixin/]: Reference map 'repeatable_trial_vaults.refmap.json' for repeatable_trial_vaults.mixins.json could not be read. If this is a development environment you can ignore this message
[21:40:21] [main/WARN] [mixin/]: Reference map 'craftingtweaks.refmap.json' for craftingtweaks.mixins.json could not be read. If this is a development environment you can ignore this message
[21:40:21] [main/WARN] [mixin/]: Reference map 'apothic_spawners.refmap.json' for apothic_spawners.mixins.json could not be read. If this is a development environment you can ignore this message
[21:40:21] [main/WARN] [mixin/]: Reference map 'fastbench.refmap.json' for fastbench.mixins.json could not be read. If this is a development environment you can ignore this message
[21:40:21] [main/WARN] [mixin/]: Reference map 'irons_spellbooks.refmap.json' for irons_spellbooks.mixins.json could not be read. If this is a development environment you can ignore this message
[21:40:21] [main/WARN] [mixin/]: Reference map '${refmap_target}refmap.json' for ferritecore.predicates.mixin.json could not be read. If this is a development environment you can ignore this message
[21:40:21] [main/WARN] [mixin/]: Reference map '${refmap_target}refmap.json' for ferritecore.fastmap.mixin.json could not be read. If this is a development environment you can ignore this message
[21:40:21] [main/WARN] [mixin/]: Reference map '${refmap_target}refmap.json' for ferritecore.mrl.mixin.json could not be read. If this is a development environment you can ignore this message
[21:40:21] [main/WARN] [mixin/]: Reference map '${refmap_target}refmap.json' for ferritecore.dedupmultipart.mixin.json could not be read. If this is a development environment you can ignore this message
[21:40:21] [main/WARN] [mixin/]: Reference map '${refmap_target}refmap.json' for ferritecore.blockstatecache.mixin.json could not be read. If this is a development environment you can ignore this message
[21:40:21] [main/WARN] [mixin/]: Reference map '${refmap_target}refmap.json' for ferritecore.dedupbakedquad.mixin.json could not be read. If this is a development environment you can ignore this message
[21:40:21] [main/WARN] [mixin/]: Reference map '${refmap_target}refmap.json' for ferritecore.threaddetec.mixin.json could not be read. If this is a development environment you can ignore this message
[21:40:21] [main/WARN] [mixin/]: Reference map '${refmap_target}refmap.json' for ferritecore.modelsides.mixin.json could not be read. If this is a development environment you can ignore this message
[21:40:21] [main/WARN] [mixin/]: Reference map '${refmap_target}refmap.json' for ferritecore.datacomponents.mixin.json could not be read. If this is a development environment you can ignore this message
[21:40:21] [main/WARN] [mixin/]: Reference map '${refmap_target}refmap.json' for ferritecore.accessors.mixin.json could not be read. If this is a development environment you can ignore this message
[21:40:21] [main/WARN] [mixin/]: Reference map 'mixins.pneumaticcraft.refmap.json' for mixins.modularrouters.json could not be read. If this is a development environment you can ignore this message
[21:40:21] [main/WARN] [mixin/]: Reference map 'openloader.refmap.json' for openloader.mixins.json could not be read. If this is a development environment you can ignore this message
[21:40:21] [main/WARN] [mixin/]: Reference map 'additionalentityattributes.refmap.json' for additionalentityattributes.mixins.json could not be read. If this is a development environment you can ignore this message
[21:40:21] [main/WARN] [mixin/]: Reference map 'variantsandventures.refmap.json' for variantsandventures-neoforge.mixins.json could not be read. If this is a development environment you can ignore this message
[21:40:21] [main/WARN] [mixin/]: Reference map 'variantsandventures.refmap.json' for variantsandventures-common.mixins.json could not be read. If this is a development environment you can ignore this message
[21:40:21] [main/WARN] [mixin/]: Reference map 'ponder.refmap.json' for ponder-common.mixins.json could not be read. If this is a development environment you can ignore this message
[21:40:21] [main/WARN] [mixin/]: Reference map 'balm.refmap.json' for balm.mixins.json could not be read. If this is a development environment you can ignore this message
[21:40:21] [main/WARN] [mixin/]: Reference map 'prickle.refmap.json' for prickle.mixins.json could not be read. If this is a development environment you can ignore this message
[21:40:21] [main/WARN] [mixin/]: Reference map 'crash_assistant.refmap.json' for crash_assistant.mixins.json could not be read. If this is a development environment you can ignore this message
[21:40:21] [main/WARN] [mixin/]: Reference map 'torchmaster.refmap.json' for torchmaster.mixins.json could not be read. If this is a development environment you can ignore this message
[21:40:21] [main/WARN] [mixin/]: Reference map 'sussysniffers.refmap.json' for sussysniffers.mixins.json could not be read. If this is a development environment you can ignore this message
[21:40:21] [main/WARN] [mixin/]: Reference map 'botanytrees.refmap.json' for botanytrees.mixins.json could not be read. If this is a development environment you can ignore this message
[21:40:21] [main/WARN] [mixin/]: Reference map 'supermartijn642corelib.mixins.refmap.json' for supermartijn642corelib.mixins.json could not be read. If this is a development environment you can ignore this message
[21:40:21] [main/WARN] [mixin/]: Reference map 'apothic_attributes.refmap.json' for apothic_attributes.mixins.json could not be read. If this is a development environment you can ignore this message
[21:40:21] [main/WARN] [mixin/]: Reference map 'curios.refmap.json' for curios.neoforge.mixins.json could not be read. If this is a development environment you can ignore this message
[21:40:21] [main/WARN] [mixin/]: Reference map 'curios.refmap.json' for curios.mixins.json could not be read. If this is a development environment you can ignore this message
[21:40:21] [main/WARN] [mixin/]: Reference map 'searchables.refmap.json' for searchables.mixins.json could not be read. If this is a development environment you can ignore this message
[21:40:21] [main/WARN] [mixin/]: Reference map 'searchables.refmap.json' for searchables.neoforge.mixins.json could not be read. If this is a development environment you can ignore this message
[21:40:21] [main/WARN] [mixin/]: Reference map 'deimos.refmap.json' for deimos.mixins.json could not be read. If this is a development environment you can ignore this message
[21:40:21] [main/WARN] [mixin/]: Reference map 'apotheosis.refmap.json' for apotheosis.mixins.json could not be read. If this is a development environment you can ignore this message
[21:40:21] [main/WARN] [mixin/]: Reference map 'bettermineshafts.refmap.json' for bettermineshafts.mixins.json could not be read. If this is a development environment you can ignore this message
[21:40:21] [main/WARN] [mixin/]: Reference map 'mekanismcovers.refmap.json' for mekanismcovers.mixins.json could not be read. If this is a development environment you can ignore this message
[21:40:21] [main/INFO] [KubeJS Tweaks/]: Conditional Mixin dev.uncandango.kubejstweaks.mixin.core.main.TooltipProvidersMixin will be loaded as it matches versions: 19.2.17 in *
[21:40:21] [main/INFO] [KubeJS Tweaks/]: Conditional Mixin dev.uncandango.kubejstweaks.mixin.core.main.BalmClientRuntimeSpiMixin will be loaded as it matches versions: 21.0.65 in *
[21:40:21] [main/INFO] [KubeJS Tweaks/]: Conditional Mixin dev.uncandango.kubejstweaks.kubejs.kjs72.mixin.core.main.ServerPackMixin will be loaded as it matches versions: 2101.7.2-build.374 in [2101.7.2,2101.7.3)
[21:40:21] [main/INFO] [KubeJS Tweaks/]: Conditional Mixin dev.uncandango.kubejstweaks.kubejs.kjs72.mixin.core.main.RecipesKubeEventMixin will be loaded as it matches versions: 2101.7.2-build.374 in [2101.7.2,2101.7.3)
[21:40:21] [main/INFO] [KubeJS Tweaks/]: Conditional Mixin dev.uncandango.kubejstweaks.kubejs.kjs72.mixin.core.main.RecipeSchemaStorageMixin will be loaded as it matches versions: 2101.7.2-build.374 in [2101.7.2,2101.7.3)
[21:40:21] [main/INFO] [KubeJS Tweaks/]: Conditional Mixin dev.uncandango.kubejstweaks.kubejs.kjs72.mixin.core.main.RecipeManagerMixin will be loaded as it matches versions: 2101.7.2-build.374 in [2101.7.2,2101.7.3)
[21:40:21] [main/INFO] [KubeJS Tweaks/]: Conditional Mixin dev.uncandango.kubejstweaks.kubejs.kjs72.mixin.core.main.KubeRecipeMixin will be loaded as it matches versions: 2101.7.2-build.374 in [2101.7.2,2101.7.3)
[21:40:21] [main/INFO] [KubeJS Tweaks/]: Extra dependecy Mod jei matches versions: 19.57.0.446 in [19.8,20)
[21:40:21] [main/INFO] [KubeJS Tweaks/]: Conditional Mixin dev.uncandango.kubejstweaks.kubejs.kjs72.mixin.core.main.KubeJEIPluginMixin will be loaded as it matches versions: 2101.7.2-build.374 in [2101.7.2,2101.7.3)
[21:40:21] [main/INFO] [KubeJS Tweaks/]: Conditional Mixin dev.uncandango.kubejstweaks.kubejs.kjs72.mixin.core.main.JsonRecipeSchemaLoaderMixin2 will be loaded as it matches versions: 2101.7.2-build.374 in [2101.7.2,2101.7.3)
[21:40:21] [main/INFO] [KubeJS Tweaks/]: Conditional Mixin dev.uncandango.kubejstweaks.kubejs.kjs72.mixin.core.main.JsonRecipeSchemaLoaderMixin will be loaded as it matches versions: 2101.7.2-build.374 in [2101.7.2,2101.7.3)
[21:40:21] [main/INFO] [KubeJS Tweaks/]: Conditional Mixin dev.uncandango.kubejstweaks.kubejs.kjs72.mixin.core.main.ClientAssetPacksMixin will be loaded as it matches versions: 2101.7.2-build.374 in [2101.7.2,2101.7.3)
[21:40:21] [main/INFO] [KubeJS Tweaks/]: Conditional Mixin dev.uncandango.kubejstweaks.kubejs.kjs71.mixin.core.main.TheurgyRecipeSchemaMixin will be loaded as it matches versions: 1.6.0 in *
[21:40:21] [main/INFO] [KubeJS Tweaks/]: Conditional Mixin dev.uncandango.kubejstweaks.mixin.core.main.TooltipProvidersMixin will be loaded as it matches versions: 19.2.17 in *
[21:40:21] [main/INFO] [KubeJS Tweaks/]: Conditional Mixin dev.uncandango.kubejstweaks.mixin.core.main.BalmClientRuntimeSpiMixin will be loaded as it matches versions: 21.0.65 in *
[21:40:21] [main/INFO] [KubeJS Tweaks/]: Conditional Mixin dev.uncandango.kubejstweaks.kubejs.kjs72.mixin.core.main.ServerPackMixin will be loaded as it matches versions: 2101.7.2-build.374 in [2101.7.2,2101.7.3)
[21:40:21] [main/INFO] [KubeJS Tweaks/]: Conditional Mixin dev.uncandango.kubejstweaks.kubejs.kjs72.mixin.core.main.RecipesKubeEventMixin will be loaded as it matches versions: 2101.7.2-build.374 in [2101.7.2,2101.7.3)
[21:40:21] [main/INFO] [KubeJS Tweaks/]: Conditional Mixin dev.uncandango.kubejstweaks.kubejs.kjs72.mixin.core.main.RecipeSchemaStorageMixin will be loaded as it matches versions: 2101.7.2-build.374 in [2101.7.2,2101.7.3)
[21:40:21] [main/INFO] [KubeJS Tweaks/]: Conditional Mixin dev.uncandango.kubejstweaks.kubejs.kjs72.mixin.core.main.RecipeManagerMixin will be loaded as it matches versions: 2101.7.2-build.374 in [2101.7.2,2101.7.3)
[21:40:21] [main/INFO] [KubeJS Tweaks/]: Conditional Mixin dev.uncandango.kubejstweaks.kubejs.kjs72.mixin.core.main.KubeRecipeMixin will be loaded as it matches versions: 2101.7.2-build.374 in [2101.7.2,2101.7.3)
[21:40:21] [main/INFO] [KubeJS Tweaks/]: Extra dependecy Mod jei matches versions: 19.57.0.446 in [19.8,20)
[21:40:21] [main/INFO] [KubeJS Tweaks/]: Conditional Mixin dev.uncandango.kubejstweaks.kubejs.kjs72.mixin.core.main.KubeJEIPluginMixin will be loaded as it matches versions: 2101.7.2-build.374 in [2101.7.2,2101.7.3)
[21:40:21] [main/INFO] [KubeJS Tweaks/]: Conditional Mixin dev.uncandango.kubejstweaks.kubejs.kjs72.mixin.core.main.JsonRecipeSchemaLoaderMixin2 will be loaded as it matches versions: 2101.7.2-build.374 in [2101.7.2,2101.7.3)
[21:40:21] [main/INFO] [KubeJS Tweaks/]: Conditional Mixin dev.uncandango.kubejstweaks.kubejs.kjs72.mixin.core.main.JsonRecipeSchemaLoaderMixin will be loaded as it matches versions: 2101.7.2-build.374 in [2101.7.2,2101.7.3)
[21:40:21] [main/INFO] [KubeJS Tweaks/]: Conditional Mixin dev.uncandango.kubejstweaks.kubejs.kjs72.mixin.core.main.ClientAssetPacksMixin will be loaded as it matches versions: 2101.7.2-build.374 in [2101.7.2,2101.7.3)
[21:40:21] [main/INFO] [KubeJS Tweaks/]: Conditional Mixin dev.uncandango.kubejstweaks.kubejs.kjs71.mixin.core.main.TheurgyRecipeSchemaMixin will be loaded as it matches versions: 1.6.0 in *
[21:40:21] [main/INFO] [KubeJS Tweaks/]: Conditional Mixin dev.uncandango.kubejstweaks.mixin.core.main.TooltipProvidersMixin will be loaded as it matches versions: 19.2.17 in *
[21:40:21] [main/INFO] [KubeJS Tweaks/]: Conditional Mixin dev.uncandango.kubejstweaks.mixin.core.main.BalmClientRuntimeSpiMixin will be loaded as it matches versions: 21.0.65 in *
[21:40:21] [main/INFO] [KubeJS Tweaks/]: Conditional Mixin dev.uncandango.kubejstweaks.kubejs.kjs72.mixin.core.main.ServerPackMixin will be loaded as it matches versions: 2101.7.2-build.374 in [2101.7.2,2101.7.3)
[21:40:21] [main/INFO] [KubeJS Tweaks/]: Conditional Mixin dev.uncandango.kubejstweaks.kubejs.kjs72.mixin.core.main.RecipesKubeEventMixin will be loaded as it matches versions: 2101.7.2-build.374 in [2101.7.2,2101.7.3)
[21:40:21] [main/INFO] [KubeJS Tweaks/]: Conditional Mixin dev.uncandango.kubejstweaks.kubejs.kjs72.mixin.core.main.RecipeSchemaStorageMixin will be loaded as it matches versions: 2101.7.2-build.374 in [2101.7.2,2101.7.3)
[21:40:21] [main/INFO] [KubeJS Tweaks/]: Conditional Mixin dev.uncandango.kubejstweaks.kubejs.kjs72.mixin.core.main.RecipeManagerMixin will be loaded as it matches versions: 2101.7.2-build.374 in [2101.7.2,2101.7.3)
[21:40:21] [main/INFO] [KubeJS Tweaks/]: Conditional Mixin dev.uncandango.kubejstweaks.kubejs.kjs72.mixin.core.main.KubeRecipeMixin will be loaded as it matches versions: 2101.7.2-build.374 in [2101.7.2,2101.7.3)
[21:40:21] [main/INFO] [KubeJS Tweaks/]: Extra dependecy Mod jei matches versions: 19.57.0.446 in [19.8,20)
[21:40:21] [main/INFO] [KubeJS Tweaks/]: Conditional Mixin dev.uncandango.kubejstweaks.kubejs.kjs72.mixin.core.main.KubeJEIPluginMixin will be loaded as it matches versions: 2101.7.2-build.374 in [2101.7.2,2101.7.3)
[21:40:21] [main/INFO] [KubeJS Tweaks/]: Conditional Mixin dev.uncandango.kubejstweaks.kubejs.kjs72.mixin.core.main.JsonRecipeSchemaLoaderMixin2 will be loaded as it matches versions: 2101.7.2-build.374 in [2101.7.2,2101.7.3)
[21:40:21] [main/INFO] [KubeJS Tweaks/]: Conditional Mixin dev.uncandango.kubejstweaks.kubejs.kjs72.mixin.core.main.JsonRecipeSchemaLoaderMixin will be loaded as it matches versions: 2101.7.2-build.374 in [2101.7.2,2101.7.3)
[21:40:21] [main/INFO] [KubeJS Tweaks/]: Conditional Mixin dev.uncandango.kubejstweaks.kubejs.kjs72.mixin.core.main.ClientAssetPacksMixin will be loaded as it matches versions: 2101.7.2-build.374 in [2101.7.2,2101.7.3)
[21:40:21] [main/INFO] [KubeJS Tweaks/]: Conditional Mixin dev.uncandango.kubejstweaks.kubejs.kjs71.mixin.core.main.TheurgyRecipeSchemaMixin will be loaded as it matches versions: 1.6.0 in *
[21:40:21] [main/WARN] [mixin/]: Reference map 'gmut.mixin.refmap.json' for gmut.mixin.client.json could not be read. If this is a development environment you can ignore this message
[21:40:21] [main/WARN] [mixin/]: Reference map 'gmut.mixin.refmap.json' for gmut.mixin.common.json could not be read. If this is a development environment you can ignore this message
[21:40:21] [main/WARN] [mixin/]: Reference map 'jumpboat.refmap.json' for jumpboat.mixin.json could not be read. If this is a development environment you can ignore this message
[21:40:21] [main/WARN] [mixin/]: Reference map 'mixins.pneumaticcraft.refmap.json' for mixins.pneumaticcraft.json could not be read. If this is a development environment you can ignore this message
[21:40:21] [main/WARN] [mixin/]: Reference map 'nochatreports.refmap.json' for mixins/common/nochatreports.mixins.json could not be read. If this is a development environment you can ignore this message
[21:40:21] [main/WARN] [mixin/]: Reference map 'allthemodium.refmap.json' for allthemodium.mixins.json could not be read. If this is a development environment you can ignore this message
[21:40:21] [main/WARN] [mixin/]: Reference map 'imfast.refmap.json' for imfast.mixins.json could not be read. If this is a development environment you can ignore this message
[21:40:21] [main/WARN] [mixin/]: Reference map 'polymorph.refmap.json' for polymorph.mixins.json could not be read. If this is a development environment you can ignore this message
[21:40:21] [main/WARN] [mixin/]: Reference map 'polymorph.refmap.json' for polymorph-compatibility.mixins.json could not be read. If this is a development environment you can ignore this message
[21:40:21] [main/WARN] [mixin/]: Reference map 'reliquified_artifacts.refmap.json' for reliquified_artifacts.mixins.json could not be read. If this is a development environment you can ignore this message
[21:40:21] [main/WARN] [mixin/]: Reference map 'betterwitchhuts.refmap.json' for betterwitchhuts.mixins.json could not be read. If this is a development environment you can ignore this message
[21:40:21] [main/WARN] [mixin/]: Reference map 'netherportalfix.refmap.json' for netherportalfix.mixins.json could not be read. If this is a development environment you can ignore this message
[21:40:21] [main/WARN] [mixin/]: Reference map 'geckolib.refmap.json' for geckolib.mixins.json could not be read. If this is a development environment you can ignore this message
[21:40:21] [main/WARN] [mixin/]: Reference map 'ars_nouveau.refmap.json' for ars_nouveau.mixins.json could not be read. If this is a development environment you can ignore this message
[21:40:21] [main/WARN] [mixin/]: Reference map 'sauce.refmap.json' for sauce.mixins.json could not be read. If this is a development environment you can ignore this message
[21:40:21] [main/WARN] [mixin/]: Reference map 'ars_polymorphia.refmap.json' for ars_polymorphia.mixins.json could not be read. If this is a development environment you can ignore this message
[21:40:21] [main/WARN] [mixin/]: Reference map 'aether.refmap.json' for aether.mixins.json could not be read. If this is a development environment you can ignore this message
[21:40:21] [main/WARN] [mixin/]: Reference map 'connectivity.refmap.json' for connectivity.mixins.json could not be read. If this is a development environment you can ignore this message
[21:40:21] [main/WARN] [mixin/]: Reference map 'cookingforblockheads.refmap.json' for cookingforblockheads.mixins.json could not be read. If this is a development environment you can ignore this message
[21:40:21] [main/WARN] [mixin/]: Reference map 'controlling.refmap.json' for controlling.mixins.json could not be read. If this is a development environment you can ignore this message
[21:40:21] [main/WARN] [mixin/]: Reference map 'controlling.refmap.json' for controlling.neoforge.mixins.json could not be read. If this is a development environment you can ignore this message
[21:40:21] [main/WARN] [mixin/]: Reference map 'relics.refmap.json' for relics.mixins.json could not be read. If this is a development environment you can ignore this message
[21:40:21] [main/WARN] [mixin/]: Reference map 'starbunclemania.refmap.json' for starbunclemania.mixins.json could not be read. If this is a development environment you can ignore this message
[21:40:21] [main/WARN] [mixin/]: Reference map 'nuggets.refmap.json' for nuggets.mixins.json could not be read. If this is a development environment you can ignore this message
[21:40:21] [main/WARN] [mixin/]: Reference map 'botanypotsmystical.refmap.json' for botanypotsmystical.mixins.json could not be read. If this is a development environment you can ignore this message
[21:40:21] [main/WARN] [mixin/]: Reference map 'getittogetherdrops.refmap.json' for getittogetherdrops.mixins.json could not be read. If this is a development environment you can ignore this message
[21:40:21] [main/WARN] [mixin/]: Reference map 'xycraft_core.refmap.json' for xycraft_machines.mixins.json could not be read. If this is a development environment you can ignore this message
[21:40:22] [main/WARN] [mixin/]: Reference map 'patchouli.refmap.json' for patchouli_xplat.mixins.json could not be read. If this is a development environment you can ignore this message
[21:40:22] [main/WARN] [mixin/]: Reference map 'allthearcanistgear.refmap.json' for allthearcanistgear.mixins.json could not be read. If this is a development environment you can ignore this message
[21:40:22] [main/WARN] [ars_controle/]: Mixin plugin loaded
[21:40:22] [main/WARN] [mixin/]: Reference map 'betterstrongholds.refmap.json' for betterstrongholds.mixins.json could not be read. If this is a development environment you can ignore this message
[21:40:22] [main/WARN] [mixin/]: Reference map 'oritech.refmap.json' for oritech.mixins.json could not be read. If this is a development environment you can ignore this message
[21:40:22] [main/WARN] [mixin/]: Reference map 'refurbished_furniture.refmap.json' for refurbished_furniture.common.mixins.json could not be read. If this is a development environment you can ignore this message
[21:40:22] [main/WARN] [mixin/]: Reference map 'productivebees.refmap.json' for productivebees.mixin.json could not be read. If this is a development environment you can ignore this message
[21:40:22] [main/WARN] [mixin/]: Reference map '' for mixins.modularbees.json could not be read. If this is a development environment you can ignore this message
[21:40:22] [main/WARN] [mixin/]: Reference map 'moogs_structures.refmap.json' for moogs_structures-common.mixins.json could not be read. If this is a development environment you can ignore this message
[21:40:22] [main/WARN] [mixin/]: Reference map 'mixins.justdirethings.refmap.json' for mixins.justdirethings.json could not be read. If this is a development environment you can ignore this message
[21:40:22] [main/WARN] [mixin/]: Reference map 'irons_spellbooks.refmap.json' for irons_jewelry.mixins.json could not be read. If this is a development environment you can ignore this message
[21:40:22] [main/WARN] [mixin/]: Reference map 'cucumber.refmap.json' for cucumber.mixins.json could not be read. If this is a development environment you can ignore this message
[21:40:22] [main/WARN] [mixin/]: Reference map 'trashslot.refmap.json' for trashslot.mixins.json could not be read. If this is a development environment you can ignore this message
[21:40:22] [main/WARN] [mixin/]: Reference map 'blueflame.refmap.json' for blueflame.mixin.json could not be read. If this is a development environment you can ignore this message
[21:40:22] [main/WARN] [mixin/]: Reference map 'allthewizardgear.refmap.json' for mixins.allthewizardgear.json could not be read. If this is a development environment you can ignore this message
[21:40:22] [main/WARN] [mixin/]: Reference map 'productivelib.refmap.json' for productivelib.mixin.json could not be read. If this is a development environment you can ignore this message
[21:40:22] [main/WARN] [mixin/]: Reference map 'ars_elemental.refmap.json' for ars_elemental.mixins.json could not be read. If this is a development environment you can ignore this message
[21:40:22] [main/WARN] [mixin/]: Reference map 'ars_elemancy.refmap.json' for ars_elemancy.mixins.json could not be read. If this is a development environment you can ignore this message
[21:40:22] [main/WARN] [mixin/]: Reference map 'not_enough_glyphs.refmap.json' for not_enough_glyphs.mixins.json could not be read. If this is a development environment you can ignore this message
[21:40:22] [main/WARN] [mixin/]: Reference map 'waystones.refmap.json' for waystones.mixins.json could not be read. If this is a development environment you can ignore this message
[21:40:22] [main/WARN] [mixin/]: Reference map 'fastsuite.refmap.json' for fastsuite.mixins.json could not be read. If this is a development environment you can ignore this message
[21:40:22] [main/WARN] [mixin/]: Reference map 'comforts.refmap.json' for comforts.mixins.json could not be read. If this is a development environment you can ignore this message
[21:40:22] [main/WARN] [mixin/]: Reference map 'betterdeserttemples.refmap.json' for betterdeserttemples.mixins.json could not be read. If this is a development environment you can ignore this message
[21:40:22] [main/WARN] [mixin/]: Reference map 'enchdesc.refmap.json' for enchdesc.mixins.json could not be read. If this is a development environment you can ignore this message
[21:40:22] [main/WARN] [mixin/]: Reference map 'regions_unexplored.refmap.json' for regions_unexplored.mixins.json could not be read. If this is a development environment you can ignore this message
[21:40:22] [main/WARN] [mixin/]: Reference map 'regions_unexplored.refmap.json' for regions_unexplored.neoforge.mixins.json could not be read. If this is a development environment you can ignore this message
[21:40:22] [main/WARN] [mixin/]: Reference map 'soulplied_energistics.refmap.json' for soulplied_energistics.mixins.json could not be read. If this is a development environment you can ignore this message
[21:40:22] [main/WARN] [mixin/]: Reference map 'AEInfinityBooster.refmap.json' for AEInfinityBooster.mixins.json could not be read. If this is a development environment you can ignore this message
[21:40:22] [main/WARN] [mixin/]: Reference map 'allthetweaks.refmap.json' for allthetweaks.mixins.json could not be read. If this is a development environment you can ignore this message
[21:40:22] [main/WARN] [mixin/]: Reference map 'mixins.aae.refmap.json' for mixins.aae.json could not be read. If this is a development environment you can ignore this message
[21:40:22] [main/WARN] [mixin/]: Reference map 'ars_unification.refmap.json' for ars_unification.mixins.json could not be read. If this is a development environment you can ignore this message
[21:40:22] [main/WARN] [mixin/]: Reference map 'forbidden_arcanus.refmap.json' for forbidden_arcanus.mixins.json could not be read. If this is a development environment you can ignore this message
[21:40:22] [main/WARN] [mixin/]: Reference map 'yet_another_config_lib_v3.refmap.json' for yacl.mixins.json could not be read. If this is a development environment you can ignore this message
[21:40:22] [main/WARN] [mixin/]: Reference map 'moredragoneggs.refmap.json' for moredragoneggs.mixins.json could not be read. If this is a development environment you can ignore this message
[21:40:22] [main/WARN] [mixin/]: Reference map 'mixins.brandonscore.refmap.json' for mixins.brandonscore.json could not be read. If this is a development environment you can ignore this message
[21:40:22] [main/WARN] [mixin/]: Reference map 'mixins.draconicevolution.refmap.json' for mixins.draconicevolution.json could not be read. If this is a development environment you can ignore this message
[21:40:22] [main/WARN] [mixin/]: Reference map 'mahoutsukai.refmap.json' for mahoutsukai.mixins.json could not be read. If this is a development environment you can ignore this message
[21:40:22] [main/WARN] [mixin/]: Error loading class: com/refinedmods/refinedstorage/block/shape/ShapeCache (java.lang.ClassNotFoundException: com.refinedmods.refinedstorage.block.shape.ShapeCache)
[21:40:23] [main/ERROR] [ne.ne.fm.co.as.RuntimeDistCleaner/DISTXFORM]: Attempted to load class net/minecraft/client/Minecraft for invalid dist DEDICATED_SERVER
[21:40:23] [main/WARN] [mixin/]: Error loading class: net/minecraft/client/Minecraft (java.lang.RuntimeException: Attempted to load class net/minecraft/client/Minecraft for invalid dist DEDICATED_SERVER)
[21:40:23] [main/WARN] [mixin/]: @Mixin target net.minecraft.client.Minecraft was not found omega-config.mixins.json:ClientMixin from mod omegaconfig
[21:40:23] [main/INFO] [ne.ne.co.Co.apothic_enchanting/COREMODLOG]: Replaced 1 calls to Enchantment#getMaxLevel() in net/minecraft/world/item/enchantment/EnchantmentHelper
[21:40:23] [main/INFO] [ne.ne.co.Co.apothic_enchanting/COREMODLOG]: Replaced 1 calls to Enchantment#getMaxLevel() in net/minecraft/world/item/enchantment/Enchantment
[21:40:23] [main/INFO] [ne.ne.co.Co.apothic_enchanting/COREMODLOG]: Patching FishingHook#catchingFish
[21:40:23] [main/ERROR] [ne.ne.fm.co.as.RuntimeDistCleaner/DISTXFORM]: Attempted to load class com/mojang/blaze3d/platform/Window for invalid dist DEDICATED_SERVER
[21:40:23] [main/WARN] [mixin/]: Error loading class: com/mojang/blaze3d/platform/Window (java.lang.RuntimeException: Attempted to load class com/mojang/blaze3d/platform/Window for invalid dist DEDICATED_SERVER)
[21:40:23] [main/WARN] [mixin/]: @Mixin target com.mojang.blaze3d.platform.Window was not found mixins.borderlesswindow.json:WindowMixins from mod borderlesswindow
[21:40:23] [main/INFO] [AllTheLeaks/]: Class dev.uncandango.alltheleaks.leaks.common.mods.xycraft_core.UntrackedIssue001 will be loaded as it matches versions: 0.7.53 in [0.7.45,)
[21:40:23] [main/INFO] [AllTheLeaks/]: Class dev.uncandango.alltheleaks.leaks.common.mods.supplementaries.UntrackedIssue002 will be loaded as it matches versions: 1.21.1-3.9.9 in [1.21-3.5.0,)
[21:40:23] [main/INFO] [AllTheLeaks/]: Class dev.uncandango.alltheleaks.leaks.common.mods.octolib.UntrackedIssue001 will be loaded as it matches versions: 0.6.2 in [0.5.0.1,)
[21:40:23] [main/INFO] [AllTheLeaks/]: Mixins added to allowed list: [main.OctoRenderManagerMixin]
[21:40:23] [main/INFO] [AllTheLeaks/]: Class dev.uncandango.alltheleaks.leaks.common.mods.neoforge.Issue1486 will be loaded as it matches versions: 21.1.251 in [21.,)
[21:40:23] [main/INFO] [AllTheLeaks/]: Class dev.uncandango.alltheleaks.leaks.common.mods.minecraft.UntrackedIssue003 will be loaded as it matches versions: 1.21.1 in [1.21.1,1.21.1]
[21:40:23] [main/INFO] [AllTheLeaks/]: Mixins added to allowed list: [main.DebugSampleSubscriptionTrackerMixin]
[21:40:23] [main/INFO] [AllTheLeaks/]: Class dev.uncandango.alltheleaks.leaks.common.mods.minecraft.UntrackedIssue002 will be loaded as it matches versions: 1.21.1 in 1.21.1
[21:40:23] [main/INFO] [AllTheLeaks/]: Class dev.uncandango.alltheleaks.leaks.common.mods.minecraft.UntrackedIssue001 will be loaded as it matches versions: 1.21.1 in 1.21.1
[21:40:23] [main/INFO] [AllTheLeaks/]: Mixins added to allowed list: [main.EntityTickListMixin]
[21:40:23] [main/INFO] [AllTheLeaks/]: Class dev.uncandango.alltheleaks.leaks.common.mods.justdirethings.UntrackedIssue001 will be loaded as it matches versions: 1.5.7 in [1.0.0,)
[21:40:23] [main/INFO] [AllTheLeaks/]: Mixins added to allowed list: [main.PlayerAccessorBEMixin]
[21:40:23] [main/INFO] [AllTheLeaks/]: Class dev.uncandango.alltheleaks.leaks.common.mods.industrialforegoing.UntrackedIssue001 will be loaded as it matches versions: 1.21-3.6.39 in [1.21-3.6.33,)
[21:40:23] [main/INFO] [AllTheLeaks/]: Class dev.uncandango.alltheleaks.leaks.common.mods.immersiveengineering.UntrackedIssue001 will be loaded as it matches versions: 12.4.2-194 in [12.2.0-187,)
[21:40:23] [main/INFO] [AllTheLeaks/]: Class dev.uncandango.alltheleaks.leaks.common.mods.geckolib.UntrackedIssue001 will be loaded as it matches versions: 4.9.3 in *
[21:40:23] [main/INFO] [AllTheLeaks/]: Mixins added to allowed list: [main.SingletonGeoAnimatableMixin]
[21:40:23] [main/INFO] [AllTheLeaks/]: Class dev.uncandango.alltheleaks.leaks.common.mods.evilcraft.Issue1051 will be loaded as it matches versions: 1.2.96 in [1.2.50,)
[21:40:23] [main/INFO] [AllTheLeaks/]: Class dev.uncandango.alltheleaks.leaks.common.mods.enderstorage.UntrackedIssue001 will be loaded as it matches versions: 2.13.0.191 in [2.13.0.191,)
[21:40:23] [main/INFO] [AllTheLeaks/]: Class dev.uncandango.alltheleaks.leaks.common.mods.curios.Issue22 will be loaded as it matches versions: 9.5.1+1.21.1 in [9.0.6,)
[21:40:23] [main/INFO] [AllTheLeaks/]: Mixins added to allowed list: [main.CuriosEventHandlerMixin]
[21:40:23] [main/INFO] [AllTheLeaks/]: Class dev.uncandango.alltheleaks.leaks.common.mods.connectivity.UntrackedIssue001 will be loaded as it matches versions: 7.6 in [5.8,)
[21:40:23] [main/INFO] [AllTheLeaks/]: Class dev.uncandango.alltheleaks.leaks.common.mods.additionalentityattributes.UntrackedIssue001 will be loaded as it matches versions: 2.0.0+1.21.1 in [2.0.0+1.21.1,)
[21:40:23] [main/INFO] [AllTheLeaks/]: Mixins added to allowed list: [main.ATLBlockMixin]
[21:40:23] [main/INFO] [AllTheLeaks/]: Class dev.uncandango.alltheleaks.fix.common.mods.fluxnetworks.FixTicking will be loaded as it matches versions: 8.0.0 in 8.0.0
[21:40:23] [main/INFO] [AllTheLeaks/]: Mixins added to allowed list: [main.ServerFluxNetworkMixin]
[21:40:23] [main/INFO] [AllTheLeaks/]: Class dev.uncandango.alltheleaks.feature.common.mods.minecraft.SaveWithLoadedChunks will be loaded as it matches versions: 1.21.1 in 1.21.1
[21:40:23] [main/INFO] [AllTheLeaks/]: Class dev.uncandango.alltheleaks.feature.common.mods.minecraft.MemoryMonitor will be loaded as it matches versions: 1.21.1 in 1.21.1
[21:40:23] [main/INFO] [AllTheLeaks/]: Mixins added to allowed list: [main.PlayerMixin, main.ChunkAccessMixin, main.LevelMixin, main.MinecraftServerMixin]
[21:40:23] [main/INFO] [AllTheLeaks/]: Class dev.uncandango.alltheleaks.feature.common.mods.minecraft.IngredientDedupe will be loaded as it matches versions: 1.21.1 in 1.21.1
[21:40:23] [main/INFO] [AllTheLeaks/]: Mixins added to allowed list: [main.IngredientMixin, main.IngredientMixin$IngredientAccessor, main.accessor.PatchedDataComponentMapAccessor, main.IngredientLockMixin, main.ItemStackLockMixin]
[21:40:23] [main/INFO] [AllTheLeaks/]: Class dev.uncandango.alltheleaks.diag.common.mods.minecraft.LogSavedData will be loaded as it matches versions: 21.1.251 in [21.1,)
[21:40:23] [main/INFO] [AllTheLeaks/]: Mixins added to allowed list: [main.SavedDataMixin]
[21:40:23] [main/WARN] [mixin/]: Error loading class: it/hurts/octostudios/octolib/modules/particles/OctoRenderManager (java.lang.ClassNotFoundException: it.hurts.octostudios.octolib.modules.particles.OctoRenderManager)
[21:40:23] [main/WARN] [mixin/]: @Mixin target it.hurts.octostudios.octolib.modules.particles.OctoRenderManager was not found alltheleaks.mixins.json:main.OctoRenderManagerMixin from mod alltheleaks
[21:40:24] [main/INFO] [ne.ne.co.Co.apothic_enchanting/COREMODLOG]: Replaced 2 calls to Enchantment#getMaxLevel() in net/minecraft/world/item/CreativeModeTabs
[21:40:24] [main/WARN] [mixin/]: Error loading class: vazkii/quark/addons/oddities/inventory/BackpackMenu (java.lang.ClassNotFoundException: vazkii.quark.addons.oddities.inventory.BackpackMenu)
[21:40:24] [main/WARN] [mixin/]: Error loading class: dev/simulated_team/simulated/content/blocks/docking_connector/DockingConnectorBlockEntity (java.lang.ClassNotFoundException: dev.simulated_team.simulated.content.blocks.docking_connector.DockingConnectorBlockEntity)
[21:40:24] [main/WARN] [mixin/]: @Mixin target dev.simulated_team.simulated.content.blocks.docking_connector.DockingConnectorBlockEntity was not found createaddition.mixins.json:DockingConnectorBEMixin from mod createaddition
[21:40:24] [main/WARN] [mixin/]: Error loading class: dev/ryanhcode/sable/mixinhelpers/sublevel_render/vanilla/VanillaSubLevelBlockEntityRenderer (java.lang.ClassNotFoundException: dev.ryanhcode.sable.mixinhelpers.sublevel_render.vanilla.VanillaSubLevelBlockEntityRenderer)
[21:40:24] [main/WARN] [mixin/]: @Mixin target dev.ryanhcode.sable.mixinhelpers.sublevel_render.vanilla.VanillaSubLevelBlockEntityRenderer was not found createaddition.mixins.json:VanillaSubLevelBERenderMixin from mod createaddition
[21:40:24] [main/ERROR] [ne.ne.fm.co.as.RuntimeDistCleaner/DISTXFORM]: Attempted to load class net/minecraft/client/resources/model/ModelBakery$ModelBakerImpl for invalid dist DEDICATED_SERVER
[21:40:24] [main/WARN] [mixin/]: Error loading class: net/minecraft/client/resources/model/ModelBakery$ModelBakerImpl (java.lang.RuntimeException: Attempted to load class net/minecraft/client/resources/model/ModelBakery$ModelBakerImpl for invalid dist DEDICATED_SERVER)
[21:40:24] [main/WARN] [mixin/]: @Mixin target net.minecraft.client.resources.model.ModelBakery$ModelBakerImpl was not found ctm.mixins.json:TextureScrapingMixin from mod ctm
[21:40:24] [main/ERROR] [ne.ne.fm.co.as.RuntimeDistCleaner/DISTXFORM]: Attempted to load class net/minecraft/client/gui/screens/inventory/AbstractContainerScreen for invalid dist DEDICATED_SERVER
[21:40:24] [main/WARN] [mixin/]: Error loading class: net/minecraft/client/gui/screens/inventory/AbstractContainerScreen (java.lang.RuntimeException: Attempted to load class net/minecraft/client/gui/screens/inventory/AbstractContainerScreen for invalid dist DEDICATED_SERVER)
[21:40:24] [main/WARN] [mixin/]: @Mixin target net.minecraft.client.gui.screens.inventory.AbstractContainerScreen was not found ae2importexportcard.mixins.json:AbstractContainerScreenAccessor from mod ae2importexportcard
[21:40:24] [main/INFO] [ne.ne.co.Co.apothic_enchanting/COREMODLOG]: Replaced 2 calls to Enchantment#getMaxLevel() in net/minecraft/world/inventory/AnvilMenu
[21:40:24] [main/WARN] [mixin/]: Error loading class: org/violetmoon/quark/content/tweaks/module/GoldToolsHaveFortuneModule (java.lang.ClassNotFoundException: org.violetmoon.quark.content.tweaks.module.GoldToolsHaveFortuneModule)
[21:40:24] [main/WARN] [mixin/]: Error loading class: org/violetmoon/quark/content/tweaks/module/GoldToolsHaveFortuneModule (java.lang.ClassNotFoundException: org.violetmoon.quark.content.tweaks.module.GoldToolsHaveFortuneModule)
[21:40:24] [main/WARN] [mixin/]: Error loading class: net/mehvahdjukaar/moonlight/api/platform/neoforge/PlatHelperImpl (java.lang.ClassNotFoundException: net.mehvahdjukaar.moonlight.api.platform.neoforge.PlatHelperImpl)
[21:40:24] [main/WARN] [mixin/]: @Mixin target net.mehvahdjukaar.moonlight.api.platform.neoforge.PlatHelperImpl was not found kubejstweaks.mixins.json:main.PlatHelperImplMixin from mod kubejstweaks
[21:40:24] [main/ERROR] [ne.ne.fm.co.as.RuntimeDistCleaner/DISTXFORM]: Attempted to load class net/minecraft/client/gui/screens/Screen for invalid dist DEDICATED_SERVER
[21:40:24] [main/WARN] [mixin/]: Error loading class: net/minecraft/client/gui/screens/Screen (java.lang.RuntimeException: Attempted to load class net/minecraft/client/gui/screens/Screen for invalid dist DEDICATED_SERVER)
[21:40:24] [main/WARN] [mixin/]: @Mixin target net.minecraft.client.gui.screens.Screen was not found relics.mixins.json:ScreenMixin from mod relics
[21:40:24] [main/WARN] [mixin/]: Error loading class: net/caffeinemc/mods/lithium/common/entity/movement/ChunkAwareBlockCollisionSweeper (java.lang.ClassNotFoundException: net.caffeinemc.mods.lithium.common.entity.movement.ChunkAwareBlockCollisionSweeper)
[21:40:24] [main/WARN] [mixin/]: @Mixin target net.caffeinemc.mods.lithium.common.entity.movement.ChunkAwareBlockCollisionSweeper was not found relics.mixins.json:compat.lithium.ChunkAwareBlockCollisionSweeperMixin from mod relics
[21:40:24] [main/INFO] [STDERR/]: [com.spaceagle17.irissearch.neoforge.mixin.IrisSearchMixinPlugin:shouldApplyMixin:29]: [IrisSearch]: Iris is not installed! Disabling IrisSearch functionality...
[21:40:25] [main/WARN] [mixin/]: Error loading class: it/hurts/octostudios/octolib/modules/particles/OctoRenderManager (java.lang.ClassNotFoundException: it.hurts.octostudios.octolib.modules.particles.OctoRenderManager)
[21:40:25] [main/WARN] [mixin/]: Error loading class: it/hurts/octostudios/octolib/modules/particles/OctoRenderManager (java.lang.ClassNotFoundException: it.hurts.octostudios.octolib.modules.particles.OctoRenderManager)
[21:40:25] [main/ERROR] [ne.ne.fm.co.as.RuntimeDistCleaner/DISTXFORM]: Attempted to load class net/minecraft/client/gui/components/Button$OnPress for invalid dist DEDICATED_SERVER
[21:40:25] [main/WARN] [mixin/]: Error loading class: net/minecraft/client/gui/components/Button$OnPress (java.lang.RuntimeException: Attempted to load class net/minecraft/client/gui/components/Button$OnPress for invalid dist DEDICATED_SERVER)
[21:40:25] [main/WARN] [de.ko.mo.cr.co.co.CrashAssistantConfig/]: Removed config option due to it not used in config anymore: general.upload_to
[21:40:25] [main/WARN] [de.ko.mo.cr.co.co.CrashAssistantConfig/]: Removed config option due to it not used in config anymore: general.enable_privacy_policy_acceptance
[21:40:25] [main/ERROR] [ne.ne.fm.co.as.RuntimeDistCleaner/DISTXFORM]: Attempted to load class com/mojang/blaze3d/platform/InputConstants$Key for invalid dist DEDICATED_SERVER
[21:40:25] [main/WARN] [mixin/]: Error loading class: com/mojang/blaze3d/platform/InputConstants$Key (java.lang.RuntimeException: Attempted to load class com/mojang/blaze3d/platform/InputConstants$Key for invalid dist DEDICATED_SERVER)
[21:40:25] [main/WARN] [mixin/]: Error loading class: org/jetbrains/annotations/ApiStatus$ScheduledForRemoval (java.lang.ClassNotFoundException: org.jetbrains.annotations.ApiStatus$ScheduledForRemoval)
[21:40:25] [main/ERROR] [ne.ne.fm.co.as.RuntimeDistCleaner/DISTXFORM]: Attempted to load class net/minecraft/client/gui/components/Button$OnPress for invalid dist DEDICATED_SERVER
[21:40:25] [main/WARN] [mixin/]: Error loading class: net/minecraft/client/gui/components/Button$OnPress (java.lang.RuntimeException: Attempted to load class net/minecraft/client/gui/components/Button$OnPress for invalid dist DEDICATED_SERVER)
[21:40:25] [main/INFO] [MixinExtras|Service/]: Initializing MixinExtras via com.llamalad7.mixinextras.service.MixinExtrasServiceImpl(version=0.5.3).
[21:40:26] [main/WARN] [mixin/]: Static binding violation: PRIVATE @Overwrite method decoratedId in modernfix-modernfix.mixins.json:perf.tag_id_caching.TagOrElementLocationMixin from mod modernfix cannot reduce visibiliy of PUBLIC target method, visibility will be upgraded.
[21:40:27] [main/INFO] [minecraft/Bootstrap]: ModernFix reached bootstrap stage (31.40 s after launch)
[21:40:27] [main/INFO] [ne.ne.co.Co.apothic_enchanting/COREMODLOG]: Replaced 2 calls to Enchantment#getMaxLevel() in net/minecraft/world/item/CreativeModeTabs
[21:40:28] [main/WARN] [mixinsquared-canceller/]: Cancelled mixin de.dafuqs.additionalentityattributes.mixin.common.BlockMixin. Check debug logs for more information.
[21:40:31] [main/WARN] [mixin/]: Static binding violation: PRIVATE @Overwrite method getTemperature in modernfix-modernfix.mixins.json:perf.remove_biome_temperature_cache.BiomeMixin from mod modernfix cannot reduce visibiliy of PUBLIC target method, visibility will be upgraded.
[21:40:32] [main/INFO] [ne.ne.co.Co.apothic_enchanting/COREMODLOG]: Replaced 2 calls to Enchantment#getMaxLevel() in net/minecraft/world/inventory/AnvilMenu
[21:40:32] [main/WARN] [mixin/]: Method overwrite conflict for setChanged in amendments-common.mixins.json:LecternBlockEntityMixin from mod amendments, previously written by io.redspace.ironsspellbooks.mixin.LecternBlockEntityMixin. Skipping method.
[21:40:32] [main/WARN] [mixin/]: Method overwrite conflict for getUpdateTag in amendments-common.mixins.json:LecternBlockEntityUpdateMixin from mod amendments, previously written by io.redspace.ironsspellbooks.mixin.LecternBlockEntityMixin. Skipping method.
[21:40:32] [main/WARN] [mixin/]: Method overwrite conflict for getUpdatePacket in amendments-common.mixins.json:LecternBlockEntityUpdateMixin from mod amendments, previously written by io.redspace.ironsspellbooks.mixin.LecternBlockEntityMixin. Skipping method.
[21:40:33] [main/INFO] [MonoLib/]: Mixins applied to net.minecraft.world.item.Item
[21:40:33] [main/INFO] [ne.ne.co.Co.apothic_enchanting/COREMODLOG]: Replaced 1 calls to Enchantment#getMaxLevel() in net/minecraft/world/item/enchantment/Enchantment
[21:40:33] [main/WARN] [mixinsquared-canceller/]: Cancelled mixin io.wispforest.accessories.mixin.PatchedDataComponentMapMixin. Check debug logs for more information.
[21:40:33] [main/WARN] [mixin/]: Method overwrite conflict for scheduleRandomTick in ohthetreesyoullgrow.mixins.json:chunk.MixinChunkAccess from mod ohthetreesyoullgrow, previously written by corgitaco.corgilib.mixin.chunk.MixinChunkAccess. Skipping method.
[21:40:33] [main/WARN] [mixin/]: Method overwrite conflict for getScheduledRandomTicks in ohthetreesyoullgrow.mixins.json:chunk.MixinChunkAccess from mod ohthetreesyoullgrow, previously written by corgitaco.corgilib.mixin.chunk.MixinChunkAccess. Skipping method.
[21:40:35] [main/INFO] [ne.ne.co.Co.apothic_enchanting/COREMODLOG]: Patching FishingHook#catchingFish
[21:40:36] [main/INFO] [ne.ne.co.Co.apothic_enchanting/COREMODLOG]: Replaced 1 calls to Enchantment#getMaxLevel() in net/minecraft/world/level/storage/loot/functions/EnchantRandomlyFunction
[21:40:38] [main/INFO] [ne.ne.co.Co.apothic_enchanting/COREMODLOG]: Replaced 1 calls to Enchantment#getMaxLevel() in net/minecraft/world/item/enchantment/providers/SingleEnchantment
[21:40:38] [main/INFO] [minecraft/Bootstrap]: Vanilla bootstrap took 10732 milliseconds
[21:40:38] [main/INFO] [ne.ne.co.Co.apothic_enchanting/COREMODLOG]: Replaced 2 calls to Enchantment#getMaxLevel() in net/minecraft/server/commands/EnchantCommand
[21:40:39] [main/INFO] [FTB Ranks/]: Loading command nodes...
[21:40:39] [main/INFO] [FTB Ranks/]: Loaded 1833 command nodes
[21:40:39] [main/WARN] [minecraft/Commands]: Ambiguity between arguments [teleport, location] and [teleport, destination] with inputs: [0.1 -0.5 .9, 0 0 0]
[21:40:39] [main/WARN] [minecraft/Commands]: Ambiguity between arguments [teleport, location] and [teleport, targets] with inputs: [0.1 -0.5 .9, 0 0 0]
[21:40:39] [main/WARN] [minecraft/Commands]: Ambiguity between arguments [teleport, destination] and [teleport, targets] with inputs: [Player, 0123, @e, dd12be42-52a9-4a91-a8a1-11c01849e498]
[21:40:39] [main/WARN] [minecraft/Commands]: Ambiguity between arguments [teleport, targets] and [teleport, destination] with inputs: [Player, 0123, dd12be42-52a9-4a91-a8a1-11c01849e498]
[21:40:39] [main/WARN] [minecraft/Commands]: Ambiguity between arguments [teleport, targets, location] and [teleport, targets, destination] with inputs: [0.1 -0.5 .9, 0 0 0]
[21:40:39] [modloading-worker-0/INFO] [MonoLib/]: Attempted to save monolib-server.json using the deprecated config system, ignoring.
[21:40:39] [modloading-worker-0/INFO] [STDOUT/]: [io.github.jason13official.monolib.impl.common.config.DeveloperConfigTest:performGetterSetterTest:30]: loading config test...
[21:40:39] [modloading-worker-0/INFO] [STDOUT/]: [io.github.jason13official.monolib.impl.common.config.ModSidedConfigIO:load:37]: iterating over getter setters
[21:40:39] [modloading-worker-0/INFO] [MonoLib/]: Common config had fields for reference.
[21:40:39] [modloading-worker-0/INFO] [ne.ne.ne.co.NeoForgeMod/NEOFORGE-MOD]: NeoForge mod loading, version 21.1.251, for MC 1.21.1
[21:40:40] [modloading-worker-0/INFO] [betterfortresses/]: Creating directory for additional Better Nether Fortresses configuration at <WORKSPACE>\runtime-m3-atm10\config\betterfortresses\neoforge-1_21
[21:40:40] [modloading-worker-0/WARN] [ne.ne.fm.co.ConfigTracker/CONFIG]: Configuration file <WORKSPACE>\runtime-m3-atm10\config\sawmill-common.toml is not correct. Correcting
[21:40:40] [modloading-worker-0/WARN] [ne.ne.fm.co.ConfigTracker/CONFIG]: Configuration file <WORKSPACE>\runtime-m3-atm10\config\supplementaries-common.toml is not correct. Correcting
[21:40:40] [modloading-worker-0/INFO] [Moonlight/]: Detected config change in sawmill-common.toml, from neoforge config event
[21:40:40] [modloading-worker-0/INFO] [Moonlight/]: Sending changed configs to client
[21:40:40] [modloading-worker-0/INFO] [Moonlight/]: Detected config change in supplementaries-common.toml, from neoforge config event
[21:40:40] [modloading-worker-0/INFO] [Moonlight/]: Sending changed configs to client
[21:40:40] [modloading-worker-0/INFO] [PluginManager/]: Scanning classes for industrialforegoing
[21:40:40] [modloading-worker-0/INFO] [PluginManager/]: Found FeaturePluginInstance for class PatchouliPlugin for plugin patchouli
[21:40:40] [modloading-worker-0/INFO] [PluginManager/]: Found FeaturePluginInstance for class FTBChunksPlugin for plugin ftbchunks
[21:40:40] [modloading-worker-0/INFO] [PluginManager/]: Found FeaturePluginInstance for class CuriosPlugin for plugin curios
[21:40:40] [modloading-worker-0/INFO] [PluginManager/]: Constructed class PatchouliPlugin for plugin patchouli for mod industrialforegoing
[21:40:40] [modloading-worker-0/INFO] [PluginManager/]: Constructed class FTBChunksPlugin for plugin ftbchunks for mod industrialforegoing
[21:40:40] [modloading-worker-0/INFO] [PluginManager/]: Constructed class CuriosPlugin for plugin curios for mod industrialforegoing
[21:40:40] [modloading-worker-0/INFO] [PluginManager/]: Executing phase CONSTRUCTION for plugin class PatchouliPlugin
[21:40:40] [modloading-worker-0/INFO] [PluginManager/]: Executing phase CONSTRUCTION for plugin class FTBChunksPlugin
[21:40:40] [modloading-worker-0/INFO] [PluginManager/]: Executing phase CONSTRUCTION for plugin class CuriosPlugin
[21:40:40] [modloading-worker-0/INFO] [PluginManager/]: Executing phase PRE_INIT for plugin class PatchouliPlugin
[21:40:40] [modloading-worker-0/INFO] [PluginManager/]: Executing phase PRE_INIT for plugin class FTBChunksPlugin
[21:40:40] [modloading-worker-0/INFO] [PluginManager/]: Executing phase PRE_INIT for plugin class CuriosPlugin
[21:40:40] [modloading-worker-0/INFO] [de.wu.bc.BetterCompatibilityChecker/]: Better Compatibility Checker starting
[21:40:40] [modloading-worker-0/INFO] [de.wu.bc.ne.BetterCompatibilityCheckerNeoForge/]: Better Compatibility Checker starting
[21:40:41] [modloading-worker-0/INFO] [co.br.au.Auroral/]: Auroral initializing...
[21:40:41] [modloading-worker-0/ERROR] [co.ia.ju.Jupiter/]: Failed to load config: ./config/jupiter.json
java.nio.file.NoSuchFileException: .\config\jupiter.json
	at java.base/sun.nio.fs.WindowsException.translateToIOException(WindowsException.java:85) ~[?:?] {}
	at java.base/sun.nio.fs.WindowsException.rethrowAsIOException(WindowsException.java:103) ~[?:?] {}
	at java.base/sun.nio.fs.WindowsException.rethrowAsIOException(WindowsException.java:108) ~[?:?] {}
	at java.base/sun.nio.fs.WindowsFileSystemProvider.newByteChannel(WindowsFileSystemProvider.java:234) ~[?:?] {}
	at java.base/java.nio.file.Files.newByteChannel(Files.java:380) ~[?:?] {re:mixin}
	at java.base/java.nio.file.Files.newByteChannel(Files.java:432) ~[?:?] {re:mixin}
	at java.base/java.nio.file.spi.FileSystemProvider.newInputStream(FileSystemProvider.java:420) ~[?:?] {}
	at java.base/java.nio.file.Files.newInputStream(Files.java:160) ~[?:?] {re:mixin}
	at MC-BOOTSTRAP/org.apache.commons.io@2.15.1/org.apache.commons.io.FileUtils.lambda$readFileToString$12(FileUtils.java:2615) ~[commons-io-2.15.1.jar%2381!/:2.15.1] {}
	at MC-BOOTSTRAP/org.apache.commons.io@2.15.1/org.apache.commons.io.IOUtils.toString(IOUtils.java:3239) ~[commons-io-2.15.1.jar%2381!/:2.15.1] {}
	at MC-BOOTSTRAP/org.apache.commons.io@2.15.1/org.apache.commons.io.IOUtils.toString(IOUtils.java:3214) ~[commons-io-2.15.1.jar%2381!/:2.15.1] {}
	at MC-BOOTSTRAP/org.apache.commons.io@2.15.1/org.apache.commons.io.FileUtils.readFileToString(FileUtils.java:2615) ~[commons-io-2.15.1.jar%2381!/:2.15.1] {}
	at TRANSFORMER/jupiter@2.3.7/com.iafenvoy.jupiter.config.container.FileConfigContainer.load(FileConfigContainer.java:34) ~[jupiter-2.3.7-1.21.1-neoforge.jar%23824!/:?] {re:classloading}
	at TRANSFORMER/jupiter@2.3.7/com.iafenvoy.jupiter.ConfigManager.registerConfigHandler(ConfigManager.java:26) ~[jupiter-2.3.7-1.21.1-neoforge.jar%23824!/:?] {re:classloading}
	at TRANSFORMER/jupiter@2.3.7/com.iafenvoy.jupiter.ConfigManager.registerConfigHandler(ConfigManager.java:30) ~[jupiter-2.3.7-1.21.1-neoforge.jar%23824!/:?] {re:classloading}
	at TRANSFORMER/jupiter@2.3.7/com.iafenvoy.jupiter.ConfigManager.registerServerConfigHandler(ConfigManager.java:34) ~[jupiter-2.3.7-1.21.1-neoforge.jar%23824!/:?] {re:classloading}
	at TRANSFORMER/jupiter@2.3.7/com.iafenvoy.jupiter.Jupiter.init(Jupiter.java:31) ~[jupiter-2.3.7-1.21.1-neoforge.jar%23824!/:?] {re:classloading}
	at TRANSFORMER/jupiter@2.3.7/com.iafenvoy.jupiter._loader.neoforge.JupiterNeoForge.<init>(JupiterNeoForge.java:52) ~[jupiter-2.3.7-1.21.1-neoforge.jar%23824!/:?] {re:classloading}
	at java.base/jdk.internal.reflect.DirectConstructorHandleAccessor.newInstance(DirectConstructorHandleAccessor.java:62) ~[?:?] {}
	at java.base/java.lang.reflect.Constructor.newInstanceWithCaller(Constructor.java:502) ~[?:?] {}
	at java.base/java.lang.reflect.Constructor.newInstance(Constructor.java:486) ~[?:?] {}
	at MC-BOOTSTRAP/fml_loader@4.0.44/net.neoforged.fml.javafmlmod.FMLModContainer.constructMod(FMLModContainer.java:122) ~[loader-4.0.44.jar%23102!/:4.0] {}
	at MC-BOOTSTRAP/fml_loader@4.0.44/net.neoforged.fml.ModLoader.lambda$constructMods$3(ModLoader.java:153) ~[loader-4.0.44.jar%23102!/:4.0] {}
	at MC-BOOTSTRAP/fml_loader@4.0.44/net.neoforged.fml.ModLoader.lambda$dispatchParallelTask$7(ModLoader.java:231) ~[loader-4.0.44.jar%23102!/:4.0] {}
	at java.base/java.util.concurrent.CompletableFuture.uniHandle(CompletableFuture.java:934) [?:?] {re:mixin}
	at java.base/java.util.concurrent.CompletableFuture$UniHandle.tryFire(CompletableFuture.java:911) [?:?] {}
	at java.base/java.util.concurrent.CompletableFuture$Completion.exec(CompletableFuture.java:483) [?:?] {}
	at java.base/java.util.concurrent.ForkJoinTask.doExec(ForkJoinTask.java:387) [?:?] {}
	at java.base/java.util.concurrent.ForkJoinPool$WorkQueue.topLevelExec(ForkJoinPool.java:1312) [?:?] {}
	at java.base/java.util.concurrent.ForkJoinPool.scan(ForkJoinPool.java:1843) [?:?] {re:mixin,re:computing_frames}
	at java.base/java.util.concurrent.ForkJoinPool.runWorker(ForkJoinPool.java:1808) [?:?] {re:mixin,re:computing_frames}
	at java.base/java.util.concurrent.ForkJoinWorkerThread.run(ForkJoinWorkerThread.java:188) [?:?] {re:mixin}
[21:40:41] [modloading-worker-0/INFO] [co.ia.ju.Jupiter/]: Config spec system detected, register to Jupiter Config System.
[21:40:41] [modloading-worker-0/INFO] [co.ia.ju.Jupiter/]: Cloth Config API detected, register to Jupiter Config System.
[21:40:41] [modloading-worker-0/INFO] [co.br.au.Auroral/]: Initializing GuideME integration for Auroral
[21:40:41] [modloading-worker-0/INFO] [PluginManager/]: Executing phase INIT for plugin class PatchouliPlugin
[21:40:41] [modloading-worker-0/INFO] [PluginManager/]: Executing phase INIT for plugin class FTBChunksPlugin
[21:40:41] [modloading-worker-0/INFO] [PluginManager/]: Executing phase INIT for plugin class CuriosPlugin
[21:40:41] [modloading-worker-0/INFO] [co.br.au.Auroral/]: Auroral guidebook registered
[21:40:41] [modloading-worker-0/INFO] [co.br.au.Auroral/]: Auroral initialized successfully!
[21:40:42] [modloading-worker-0/INFO] [PluginManager/]: Executing phase POST_INIT for plugin class PatchouliPlugin
[21:40:42] [modloading-worker-0/INFO] [PluginManager/]: Executing phase POST_INIT for plugin class FTBChunksPlugin
[21:40:42] [modloading-worker-0/INFO] [PluginManager/]: Executing phase POST_INIT for plugin class CuriosPlugin
[21:40:42] [modloading-worker-0/INFO] [integratedscripting/]: 13 Packaged dependencies loaded
[21:40:42] [modloading-worker-0/INFO] [PluginManager/]: Scanning classes for transfer_labels
[21:40:42] [modloading-worker-0/WARN] [Supplementaries/]: Dye color white produced diffuse color -1 (white), this should never happen
[21:40:42] [modloading-worker-0/INFO] [sfm/]: Registered bus=MOD listener=SFMEventListenerMethod.createConsumer(){ca.teamdman.sfm.common.registry.registration.SFMPackets#register(Lnet/neoforged/neoforge/network/event/RegisterPayloadHandlersEvent;)V}
[21:40:42] [modloading-worker-0/INFO] [sfm/]: Registered bus=MOD listener=SFMEventListenerMethod.createConsumer(){ca.teamdman.sfm.common.registry.registration.SFMBlockCapabilities#registerCapabilities(Lnet/neoforged/neoforge/capabilities/RegisterCapabilitiesEvent;)V}
[21:40:42] [modloading-worker-0/INFO] [sfm/]: Registered bus=GAME listener=SFMEventListenerMethod.createConsumer(){ca.teamdman.sfm.common.program.LimitedOutputSlotObjectPool#onServerStopped(Lnet/neoforged/neoforge/event/server/ServerStoppedEvent;)V}
[21:40:42] [modloading-worker-0/INFO] [sfm/]: Registered bus=GAME listener=SFMEventListenerMethod.createConsumer(){ca.teamdman.sfm.common.program.LimitedInputSlotObjectPool#onServerStopped(Lnet/neoforged/neoforge/event/server/ServerStoppedEvent;)V}
[21:40:42] [modloading-worker-0/INFO] [sfm/]: Registered bus=GAME listener=SFMEventListenerMethod.createConsumer(){ca.teamdman.sfm.common.handler.OpenContainerTracker#onCloseContainer(Lnet/neoforged/neoforge/event/entity/player/PlayerContainerEvent$Close;)V}
[21:40:42] [modloading-worker-0/INFO] [sfm/]: Registered bus=GAME listener=SFMEventListenerMethod.createConsumer(){ca.teamdman.sfm.common.handler.OpenContainerTracker#onOpenContainer(Lnet/neoforged/neoforge/event/entity/player/PlayerContainerEvent$Open;)V}
[21:40:42] [modloading-worker-0/INFO] [sfm/]: Registered bus=GAME listener=SFMEventListenerMethod.createConsumer(){ca.teamdman.sfm.common.handler.FallingAnvilHandler#onLeave(Lnet/neoforged/neoforge/event/entity/EntityLeaveLevelEvent;)V}
[21:40:42] [modloading-worker-0/INFO] [sfm/]: Registered bus=MOD listener=SFMEventListenerMethod.createConsumer(){ca.teamdman.sfm.common.config.SFMServerConfig#onConfigReloaded(Lnet/neoforged/fml/event/config/ModConfigEvent$Reloading;)V}
[21:40:42] [modloading-worker-0/INFO] [sfm/]: Registered bus=MOD listener=SFMEventListenerMethod.createConsumer(){ca.teamdman.sfm.common.config.SFMServerConfig#onConfigLoaded(Lnet/neoforged/fml/event/config/ModConfigEvent$Loading;)V}
[21:40:42] [modloading-worker-0/INFO] [sfm/]: Registered bus=MOD listener=SFMEventListenerMethod.createConsumer(){ca.teamdman.sfm.common.config.SFMConfigTracker$ModConfigEventListeners#onConfigReloaded(Lnet/neoforged/fml/event/config/ModConfigEvent$Reloading;)V}
[21:40:42] [modloading-worker-0/INFO] [sfm/]: Registered bus=MOD listener=SFMEventListenerMethod.createConsumer(){ca.teamdman.sfm.common.config.SFMConfigTracker$ModConfigEventListeners#onConfigLoaded(Lnet/neoforged/fml/event/config/ModConfigEvent$Loading;)V}
[21:40:42] [modloading-worker-0/INFO] [sfm/]: Registered bus=GAME listener=SFMEventListenerMethod.createConsumer(){ca.teamdman.sfm.common.config.SFMConfigTracker$GameConfigEventListeners#onServerStopped(Lnet/neoforged/neoforge/event/server/ServerStoppedEvent;)V}
[21:40:42] [modloading-worker-0/INFO] [sfm/]: Registered bus=GAME listener=SFMEventListenerMethod.createConsumer(){ca.teamdman.sfm.common.command.SFMCommand#onRegisterCommand(Lnet/neoforged/neoforge/event/RegisterCommandsEvent;)V}
[21:40:42] [modloading-worker-0/INFO] [sfm/]: Registered bus=GAME listener=SFMEventListenerMethod.createConsumer(){ca.teamdman.sfm.common.block_network.WaterNetworkManager#onLevelUnload(Lnet/neoforged/neoforge/event/level/LevelEvent$Unload;)V}
[21:40:42] [modloading-worker-0/INFO] [sfm/]: Registered bus=GAME listener=SFMEventListenerMethod.createConsumer(){ca.teamdman.sfm.common.block_network.WaterNetworkManager#onChunkUnload(Lnet/neoforged/neoforge/event/level/ChunkEvent$Unload;)V}
[21:40:42] [modloading-worker-0/INFO] [sfm/]: Registered bus=GAME listener=SFMEventListenerMethod.createConsumer(){ca.teamdman.sfm.common.block_network.CableNetworkManager#onLevelUnload(Lnet/neoforged/neoforge/event/level/LevelEvent$Unload;)V}
[21:40:42] [modloading-worker-0/INFO] [sfm/]: Registered bus=GAME listener=SFMEventListenerMethod.createConsumer(){ca.teamdman.sfm.common.block_network.CableNetworkManager#onChunkUnload(Lnet/neoforged/neoforge/event/level/ChunkEvent$Unload;)V}
[21:40:42] [modloading-worker-0/INFO] [sfm/]: Registered bus=MOD listener=SFMEventListenerMethod.createConsumer(){ca.teamdman.sfm.client.registry.SFMMenuScreens#register(Lnet/neoforged/neoforge/client/event/RegisterMenuScreensEvent;)V}
[21:40:42] [modloading-worker-0/INFO] [co.Pd.Al.AllTheCompressed/]: Registering mod: allthecompressed
[21:40:42] [modloading-worker-0/INFO] [co.Pd.Al.AllTheCompressed/]: Registering overlays for loaded mods: [allthecompressed, allthemodium, alltheores, allthetweaks, ae2, appflux, enderio, extendedae, forbidden_arcanus, megacells, minecraft, pneumaticcraft, powah, productivebees, xycraft_world]
[21:40:42] [modloading-worker-0/INFO] [co.Pd.Al.AllTheCompressed/]: Skipping overlays for absent mods: [aoa3, botania, exdeorum]
[21:40:42] [modloading-worker-0/ERROR] [ne.ne.fm.co.as.RuntimeDistCleaner/DISTXFORM]: Attempted to load class net/minecraft/client/particle/TextureSheetParticle for invalid dist DEDICATED_SERVER
[21:40:43] [modloading-worker-0/INFO] [Living Things/]: Loaded NeoForgeRegistrationFactory for service Factory
[21:40:43] [modloading-worker-0/INFO] [common_storage_lib/]: Common Storage Library Initialized
[21:40:43] [modloading-worker-0/INFO] [ne.bl.mo.ba.ne.co.NeoForgeBalmConfig/]: Registering config for farmingforblockheads:common (COMMON) with 10 properties.
[21:40:43] [modloading-worker-0/INFO] [PluginManager/]: Scanning classes for sushigocrafting
[21:40:43] [modloading-worker-0/INFO] [PluginManager/]: Found FeaturePluginInstance for class PatchouliPlugin for plugin patchouli
[21:40:43] [modloading-worker-0/INFO] [PluginManager/]: Constructed class PatchouliPlugin for plugin patchouli for mod sushigocrafting
[21:40:43] [modloading-worker-0/INFO] [PluginManager/]: Executing phase CONSTRUCTION for plugin class PatchouliPlugin
[21:40:43] [modloading-worker-0/INFO] [PluginManager/]: Executing phase PRE_INIT for plugin class PatchouliPlugin
[To redirect Truffle log output to a file use one of the following options:
* '--log.file=<path>' if the option is passed using a guest language launcher.
* '-Dpolyglot.log.file=<path>' if the option is passed using the host Java launcher.
* Configure logging using the polyglot embedding API.]
[engine] WARNING: The polyglot engine uses a fallback runtime that does not support runtime compilation to native code.
Execution without runtime compilation will negatively impact the guest application performance.
The following cause was found: Version check failed.
Your Java runtime '21.0.7+6-LTS' is incompatible with optimized Truffle runtime version '25.2.4'.
The Java runtime version must be greater or equal to JDK '25' and smaller than JDK '26'.
In order to use the optimizing runtime:
- Update your Java runtime to resolve this. See https://www.graalvm.org/latest/reference-manual/embed-languages/#runtime-optimization-support for optimizing runtime compatibility.
- Switch to polyglot isolates to run the guest language as a native image. See https://www.graalvm.org/latest/reference-manual/embed-languages/#polyglot-isolates for instructions.
To disable this version check the '-Dpolyglotimpl.DisableVersionChecks=true' system property can be used.
It is not recommended to disable version checks.

For more information see: https://www.graalvm.org/latest/reference-manual/embed-languages/#runtime-optimization-support.
To disable this warning use the '--engine.WarnInterpreterOnly=false' option or the '-Dpolyglot.engine.WarnInterpreterOnly=false' system property.
[21:40:43] [modloading-worker-0/INFO] [PluginManager/]: Executing phase INIT for plugin class PatchouliPlugin
[21:40:43] [modloading-worker-0/INFO] [PluginManager/]: Executing phase POST_INIT for plugin class PatchouliPlugin
[21:40:43] [modloading-worker-0/INFO] [co.si.cr.Create/]: Create 6.0.10 initializing! Commit hash: ac0c444d9828da3453ae8cc65338e8de063286fb
[21:40:44] [modloading-worker-0/INFO] [CodecUI/]: Codec construction mixins inactive (Codec, MapCodec, RecordCodecBuilder) - expected on NeoForge; using reflective schema inference (numeric ranges recovered, optional-field defaults not).
[21:40:44] [modloading-worker-0/INFO] [co.br.ne.NeoVitae/]: Loaded 87 materials from config
[21:40:44] [modloading-worker-0/INFO] [co.br.ne.NeoVitae/]: Populated in-memory resource pack for 87 materials (1 localized)
[21:40:45] [modloading-worker-0/WARN] [de.ke.me.Melody/]: [MELODY] Disabling Melody since it's loaded server-side.
[21:40:45] [modloading-worker-0/INFO] [co.br.ne.NeoVitae/]: Curios detected - enabling compatibility
[21:40:46] [modloading-worker-0/WARN] [supermartijn642corelib/]: Mod 'Chipped' is requesting registration helper for different modid 'rechiseled_chipped'!
[21:40:46] [modloading-worker-0/INFO] [PluginManager/]: Scanning classes for industrialforegoingsouls
[21:40:46] [modloading-worker-0/INFO] [co.cu.Cupboard/]: Loaded config for: memorysettings.json
[21:40:46] [modloading-worker-0/WARN] [mixin/]: Discarding @Unique public method useItemOn in copycats-common.mixins.json:copycat.step.CopycatStepBlockMixin from mod copycats because it already exists in com.simibubi.create.content.decoration.copycat.CopycatStepBlock
[21:40:46] [modloading-worker-0/WARN] [mixin/]: Discarding @Unique public method onLoad in copycats-common.mixins.json:foundation.copycat.CopycatBlockEntityMixin from mod copycats because it already exists in com.simibubi.create.content.decoration.copycat.CopycatBlockEntity
[21:40:46] [modloading-worker-0/WARN] [mixin/]: Discarding @Unique public method useItemOn in copycats-common.mixins.json:copycat.panel.CopycatPanelBlockMixin from mod copycats because it already exists in com.simibubi.create.content.decoration.copycat.CopycatPanelBlock
[21:40:46] [modloading-worker-0/WARN] [mixin/]: Discarding @Unique public method mirror in copycats-common.mixins.json:copycat.panel.CopycatPanelBlockMixin from mod copycats because it already exists in com.simibubi.create.content.decoration.copycat.CopycatPanelBlock
[21:40:46] [modloading-worker-0/WARN] [mixin/]: Discarding @Unique public method rotate in copycats-common.mixins.json:copycat.panel.CopycatPanelBlockMixin from mod copycats because it already exists in com.simibubi.create.content.decoration.copycat.CopycatPanelBlock
[21:40:46] [modloading-worker-0/WARN] [co.cu.Cupboard/]: Config cupboard.json not found, recreating default
[21:40:46] [modloading-worker-0/INFO] [co.cu.Cupboard/]: Loaded config for: cupboard.json
[21:40:47] [modloading-worker-0/INFO] [ObservableNet/]: Registered class observable.net.C2SPacket$InitTPSProfile
[21:40:47] [modloading-worker-0/INFO] [ObservableNet/]: Registered class observable.net.C2SPacket$RequestAvailability
[21:40:47] [modloading-worker-0/INFO] [ObservableNet/]: Registered class observable.net.S2CPacket$ProfilingStarted
[21:40:47] [modloading-worker-0/INFO] [ObservableNet/]: Registered class observable.net.S2CPacket$ProfilingCompleted
[21:40:47] [modloading-worker-0/INFO] [ObservableNet/]: Registered class observable.net.S2CPacket$ProfilerInactive
[21:40:47] [modloading-worker-0/INFO] [ObservableNet/]: Registered class observable.net.S2CPacket$ProfilingResult
[21:40:47] [modloading-worker-0/INFO] [ObservableNet/]: Registered class observable.net.S2CPacket$Availability
[21:40:47] [modloading-worker-0/INFO] [redstonepen/]: Redstone Pen GIT id #f8a37d5.
[21:40:47] [modloading-worker-0/WARN] [mixin/]: Discarding @Unique public method rotate in copycats-neoforge.mixins.json:foundation.copycat.multistate.MultiStateCopycatBlockMixin from mod copycats because it already exists in com.copycatsplus.copycats.foundation.copycat.multistate.MultiStateCopycatBlock
[21:40:47] [modloading-worker-0/WARN] [mixin/]: Discarding @Unique public method mirror in copycats-neoforge.mixins.json:foundation.copycat.multistate.MultiStateCopycatBlockMixin from mod copycats because it already exists in com.copycatsplus.copycats.foundation.copycat.multistate.MultiStateCopycatBlock
[21:40:47] [modloading-worker-0/WARN] [mixin/]: Discarding @Unique public method useItemOn in copycats-neoforge.mixins.json:foundation.copycat.multistate.MultiStateCopycatBlockMixin from mod copycats because it already exists in com.copycatsplus.copycats.foundation.copycat.multistate.MultiStateCopycatBlock
[21:40:47] [modloading-worker-0/WARN] [mixin/]: Discarding @Unique public method useWithoutItem in copycats-neoforge.mixins.json:foundation.copycat.multistate.MultiStateCopycatBlockMixin from mod copycats because it already exists in com.copycatsplus.copycats.foundation.copycat.multistate.MultiStateCopycatBlock
[21:40:47] [modloading-worker-0/WARN] [mixin/]: Discarding @Unique public method rotate in copycats-neoforge.mixins.json:foundation.copycat.CopycatBlockMixin from mod copycats because it already exists in com.copycatsplus.copycats.content.copycat.fluid_pipe.CopycatGlassFluidPipeBlock
[21:40:47] [modloading-worker-0/WARN] [mixin/]: Discarding @Unique public method mirror in copycats-neoforge.mixins.json:foundation.copycat.CopycatBlockMixin from mod copycats because it already exists in com.copycatsplus.copycats.content.copycat.fluid_pipe.CopycatGlassFluidPipeBlock
[21:40:47] [modloading-worker-0/WARN] [mixin/]: Discarding @Unique public method useItemOn in copycats-neoforge.mixins.json:foundation.copycat.CopycatBlockMixin from mod copycats because it already exists in com.copycatsplus.copycats.content.copycat.fluid_pipe.CopycatGlassFluidPipeBlock
[21:40:47] [modloading-worker-0/WARN] [mixin/]: Discarding @Unique public method useWithoutItem in copycats-neoforge.mixins.json:foundation.copycat.CopycatBlockMixin from mod copycats because it already exists in com.copycatsplus.copycats.content.copycat.fluid_pipe.CopycatGlassFluidPipeBlock
[21:40:47] [modloading-worker-0/WARN] [mixin/]: Discarding @Unique public method rotate in copycats-neoforge.mixins.json:foundation.copycat.CopycatBlockMixin from mod copycats because it already exists in com.copycatsplus.copycats.content.copycat.sliding_door.CopycatSlidingDoorBlock
[21:40:47] [modloading-worker-0/WARN] [mixin/]: Discarding @Unique public method mirror in copycats-neoforge.mixins.json:foundation.copycat.CopycatBlockMixin from mod copycats because it already exists in com.copycatsplus.copycats.content.copycat.sliding_door.CopycatSlidingDoorBlock
[21:40:47] [modloading-worker-0/WARN] [mixin/]: Discarding @Unique public method useItemOn in copycats-neoforge.mixins.json:foundation.copycat.CopycatBlockMixin from mod copycats because it already exists in com.copycatsplus.copycats.content.copycat.sliding_door.CopycatSlidingDoorBlock
[21:40:47] [modloading-worker-0/WARN] [mixin/]: Discarding @Unique public method useWithoutItem in copycats-neoforge.mixins.json:foundation.copycat.CopycatBlockMixin from mod copycats because it already exists in com.copycatsplus.copycats.content.copycat.sliding_door.CopycatSlidingDoorBlock
[21:40:47] [modloading-worker-0/WARN] [mixin/]: Discarding @Unique public method rotate in copycats-neoforge.mixins.json:foundation.copycat.CopycatBlockMixin from mod copycats because it already exists in com.copycatsplus.copycats.content.copycat.door.CopycatDoorBlock
[21:40:47] [modloading-worker-0/WARN] [mixin/]: Discarding @Unique public method mirror in copycats-neoforge.mixins.json:foundation.copycat.CopycatBlockMixin from mod copycats because it already exists in com.copycatsplus.copycats.content.copycat.door.CopycatDoorBlock
[21:40:47] [modloading-worker-0/WARN] [mixin/]: Discarding @Unique public method useItemOn in copycats-neoforge.mixins.json:foundation.copycat.CopycatBlockMixin from mod copycats because it already exists in com.copycatsplus.copycats.content.copycat.door.CopycatDoorBlock
[21:40:47] [modloading-worker-0/WARN] [mixin/]: Discarding @Unique public method useWithoutItem in copycats-neoforge.mixins.json:foundation.copycat.CopycatBlockMixin from mod copycats because it already exists in com.copycatsplus.copycats.content.copycat.door.CopycatDoorBlock
[21:40:47] [modloading-worker-0/WARN] [mixin/]: Discarding @Unique public method rotate in copycats-neoforge.mixins.json:foundation.copycat.CopycatBlockMixin from mod copycats because it already exists in com.copycatsplus.copycats.foundation.copycat.CCCopycatBlock
[21:40:47] [modloading-worker-0/WARN] [mixin/]: Discarding @Unique public method mirror in copycats-neoforge.mixins.json:foundation.copycat.CopycatBlockMixin from mod copycats because it already exists in com.copycatsplus.copycats.foundation.copycat.CCCopycatBlock
[21:40:47] [modloading-worker-0/WARN] [mixin/]: Discarding @Unique public method useItemOn in copycats-neoforge.mixins.json:foundation.copycat.CopycatBlockMixin from mod copycats because it already exists in com.copycatsplus.copycats.foundation.copycat.CCCopycatBlock
[21:40:47] [modloading-worker-0/WARN] [mixin/]: Discarding @Unique public method useWithoutItem in copycats-neoforge.mixins.json:foundation.copycat.CopycatBlockMixin from mod copycats because it already exists in com.copycatsplus.copycats.foundation.copycat.CCCopycatBlock
graaljs has been pre-loaded.
[21:40:47] [modloading-worker-0/WARN] [mixin/]: Discarding @Unique public method rotate in copycats-neoforge.mixins.json:foundation.copycat.CopycatBlockMixin from mod copycats because it already exists in com.copycatsplus.copycats.content.copycat.button.CopycatButtonBlock
[21:40:47] [modloading-worker-0/WARN] [mixin/]: Discarding @Unique public method mirror in copycats-neoforge.mixins.json:foundation.copycat.CopycatBlockMixin from mod copycats because it already exists in com.copycatsplus.copycats.content.copycat.button.CopycatButtonBlock
[21:40:47] [modloading-worker-0/WARN] [mixin/]: Discarding @Unique public method useItemOn in copycats-neoforge.mixins.json:foundation.copycat.CopycatBlockMixin from mod copycats because it already exists in com.copycatsplus.copycats.content.copycat.button.CopycatButtonBlock
[21:40:47] [modloading-worker-0/WARN] [mixin/]: Discarding @Unique public method useWithoutItem in copycats-neoforge.mixins.json:foundation.copycat.CopycatBlockMixin from mod copycats because it already exists in com.copycatsplus.copycats.content.copycat.button.CopycatButtonBlock
[21:40:47] [modloading-worker-0/WARN] [mixin/]: Discarding @Unique public method rotate in copycats-neoforge.mixins.json:foundation.copycat.CopycatBlockMixin from mod copycats because it already exists in com.copycatsplus.copycats.content.copycat.fence.CopycatFenceBlock
[21:40:47] [modloading-worker-0/WARN] [mixin/]: Discarding @Unique public method mirror in copycats-neoforge.mixins.json:foundation.copycat.CopycatBlockMixin from mod copycats because it already exists in com.copycatsplus.copycats.content.copycat.fence.CopycatFenceBlock
[21:40:47] [modloading-worker-0/WARN] [mixin/]: Discarding @Unique public method useItemOn in copycats-neoforge.mixins.json:foundation.copycat.CopycatBlockMixin from mod copycats because it already exists in com.copycatsplus.copycats.content.copycat.fence.CopycatFenceBlock
[21:40:47] [modloading-worker-0/WARN] [mixin/]: Discarding @Unique public method useWithoutItem in copycats-neoforge.mixins.json:foundation.copycat.CopycatBlockMixin from mod copycats because it already exists in com.copycatsplus.copycats.content.copycat.fence.CopycatFenceBlock
[21:40:47] [modloading-worker-0/WARN] [mixin/]: Discarding @Unique public method rotate in copycats-neoforge.mixins.json:foundation.copycat.CopycatBlockMixin from mod copycats because it already exists in com.copycatsplus.copycats.content.copycat.fence_gate.CopycatFenceGateBlock
[21:40:47] [modloading-worker-0/WARN] [mixin/]: Discarding @Unique public method mirror in copycats-neoforge.mixins.json:foundation.copycat.CopycatBlockMixin from mod copycats because it already exists in com.copycatsplus.copycats.content.copycat.fence_gate.CopycatFenceGateBlock
[21:40:47] [modloading-worker-0/WARN] [mixin/]: Discarding @Unique public method useItemOn in copycats-neoforge.mixins.json:foundation.copycat.CopycatBlockMixin from mod copycats because it already exists in com.copycatsplus.copycats.content.copycat.fence_gate.CopycatFenceGateBlock
[21:40:47] [modloading-worker-0/WARN] [mixin/]: Discarding @Unique public method useWithoutItem in copycats-neoforge.mixins.json:foundation.copycat.CopycatBlockMixin from mod copycats because it already exists in com.copycatsplus.copycats.content.copycat.fence_gate.CopycatFenceGateBlock
[21:40:47] [modloading-worker-0/WARN] [mixin/]: Discarding @Unique public method rotate in copycats-neoforge.mixins.json:foundation.copycat.CopycatBlockMixin from mod copycats because it already exists in com.copycatsplus.copycats.content.copycat.ladder.CopycatLadderBlock
[21:40:47] [modloading-worker-0/WARN] [mixin/]: Discarding @Unique public method mirror in copycats-neoforge.mixins.json:foundation.copycat.CopycatBlockMixin from mod copycats because it already exists in com.copycatsplus.copycats.content.copycat.ladder.CopycatLadderBlock
[21:40:47] [modloading-worker-0/WARN] [mixin/]: Discarding @Unique public method useItemOn in copycats-neoforge.mixins.json:foundation.copycat.CopycatBlockMixin from mod copycats because it already exists in com.copycatsplus.copycats.content.copycat.ladder.CopycatLadderBlock
[21:40:47] [modloading-worker-0/WARN] [mixin/]: Discarding @Unique public method useWithoutItem in copycats-neoforge.mixins.json:foundation.copycat.CopycatBlockMixin from mod copycats because it already exists in com.copycatsplus.copycats.content.copycat.ladder.CopycatLadderBlock
[21:40:47] [modloading-worker-0/WARN] [mixin/]: Discarding @Unique public method rotate in copycats-neoforge.mixins.json:foundation.copycat.CopycatBlockMixin from mod copycats because it already exists in com.copycatsplus.copycats.content.copycat.pressure_plate.CopycatPressurePlateBlock
[21:40:47] [modloading-worker-0/WARN] [mixin/]: Discarding @Unique public method mirror in copycats-neoforge.mixins.json:foundation.copycat.CopycatBlockMixin from mod copycats because it already exists in com.copycatsplus.copycats.content.copycat.pressure_plate.CopycatPressurePlateBlock
[21:40:47] [modloading-worker-0/WARN] [mixin/]: Discarding @Unique public method useItemOn in copycats-neoforge.mixins.json:foundation.copycat.CopycatBlockMixin from mod copycats because it already exists in com.copycatsplus.copycats.content.copycat.pressure_plate.CopycatPressurePlateBlock
[21:40:47] [modloading-worker-0/WARN] [mixin/]: Discarding @Unique public method useWithoutItem in copycats-neoforge.mixins.json:foundation.copycat.CopycatBlockMixin from mod copycats because it already exists in com.copycatsplus.copycats.content.copycat.pressure_plate.CopycatPressurePlateBlock
[21:40:48] [modloading-worker-0/WARN] [mixin/]: Discarding @Unique public method rotate in copycats-neoforge.mixins.json:foundation.copycat.CopycatBlockMixin from mod copycats because it already exists in com.copycatsplus.copycats.content.copycat.pressure_plate.CopycatWeightedPressurePlate
[21:40:48] [modloading-worker-0/WARN] [mixin/]: Discarding @Unique public method mirror in copycats-neoforge.mixins.json:foundation.copycat.CopycatBlockMixin from mod copycats because it already exists in com.copycatsplus.copycats.content.copycat.pressure_plate.CopycatWeightedPressurePlate
[21:40:48] [modloading-worker-0/WARN] [mixin/]: Discarding @Unique public method useItemOn in copycats-neoforge.mixins.json:foundation.copycat.CopycatBlockMixin from mod copycats because it already exists in com.copycatsplus.copycats.content.copycat.pressure_plate.CopycatWeightedPressurePlate
[21:40:48] [modloading-worker-0/WARN] [mixin/]: Discarding @Unique public method useWithoutItem in copycats-neoforge.mixins.json:foundation.copycat.CopycatBlockMixin from mod copycats because it already exists in com.copycatsplus.copycats.content.copycat.pressure_plate.CopycatWeightedPressurePlate
[21:40:48] [modloading-worker-0/WARN] [mixin/]: Discarding @Unique public method rotate in copycats-neoforge.mixins.json:foundation.copycat.CopycatBlockMixin from mod copycats because it already exists in com.copycatsplus.copycats.content.copycat.stairs.CopycatStairsBlock
[21:40:48] [modloading-worker-0/WARN] [mixin/]: Discarding @Unique public method mirror in copycats-neoforge.mixins.json:foundation.copycat.CopycatBlockMixin from mod copycats because it already exists in com.copycatsplus.copycats.content.copycat.stairs.CopycatStairsBlock
[21:40:48] [modloading-worker-0/WARN] [mixin/]: Discarding @Unique public method useItemOn in copycats-neoforge.mixins.json:foundation.copycat.CopycatBlockMixin from mod copycats because it already exists in com.copycatsplus.copycats.content.copycat.stairs.CopycatStairsBlock
[21:40:48] [modloading-worker-0/WARN] [mixin/]: Discarding @Unique public method useWithoutItem in copycats-neoforge.mixins.json:foundation.copycat.CopycatBlockMixin from mod copycats because it already exists in com.copycatsplus.copycats.content.copycat.stairs.CopycatStairsBlock
[21:40:48] [modloading-worker-0/WARN] [mixin/]: Discarding @Unique public method rotate in copycats-neoforge.mixins.json:foundation.copycat.CopycatBlockMixin from mod copycats because it already exists in com.copycatsplus.copycats.content.copycat.trapdoor.CopycatTrapdoorBlock
[21:40:48] [modloading-worker-0/WARN] [mixin/]: Discarding @Unique public method mirror in copycats-neoforge.mixins.json:foundation.copycat.CopycatBlockMixin from mod copycats because it already exists in com.copycatsplus.copycats.content.copycat.trapdoor.CopycatTrapdoorBlock
[21:40:48] [modloading-worker-0/WARN] [mixin/]: Discarding @Unique public method useItemOn in copycats-neoforge.mixins.json:foundation.copycat.CopycatBlockMixin from mod copycats because it already exists in com.copycatsplus.copycats.content.copycat.trapdoor.CopycatTrapdoorBlock
[21:40:48] [modloading-worker-0/WARN] [mixin/]: Discarding @Unique public method useWithoutItem in copycats-neoforge.mixins.json:foundation.copycat.CopycatBlockMixin from mod copycats because it already exists in com.copycatsplus.copycats.content.copycat.trapdoor.CopycatTrapdoorBlock
[21:40:48] [modloading-worker-0/WARN] [mixin/]: Discarding @Unique public method rotate in copycats-neoforge.mixins.json:foundation.copycat.CopycatBlockMixin from mod copycats because it already exists in com.copycatsplus.copycats.content.copycat.wall.CopycatWallBlock
[21:40:48] [modloading-worker-0/WARN] [mixin/]: Discarding @Unique public method mirror in copycats-neoforge.mixins.json:foundation.copycat.CopycatBlockMixin from mod copycats because it already exists in com.copycatsplus.copycats.content.copycat.wall.CopycatWallBlock
[21:40:48] [modloading-worker-0/WARN] [mixin/]: Discarding @Unique public method useItemOn in copycats-neoforge.mixins.json:foundation.copycat.CopycatBlockMixin from mod copycats because it already exists in com.copycatsplus.copycats.content.copycat.wall.CopycatWallBlock
[21:40:48] [modloading-worker-0/WARN] [mixin/]: Discarding @Unique public method useWithoutItem in copycats-neoforge.mixins.json:foundation.copycat.CopycatBlockMixin from mod copycats because it already exists in com.copycatsplus.copycats.content.copycat.wall.CopycatWallBlock
[21:40:48] [modloading-worker-0/WARN] [mixin/]: Discarding @Unique public method rotate in copycats-neoforge.mixins.json:foundation.copycat.CopycatBlockMixin from mod copycats because it already exists in com.copycatsplus.copycats.content.copycat.shaft.CopycatShaftBlock
[21:40:48] [modloading-worker-0/WARN] [mixin/]: Discarding @Unique public method mirror in copycats-neoforge.mixins.json:foundation.copycat.CopycatBlockMixin from mod copycats because it already exists in com.copycatsplus.copycats.content.copycat.shaft.CopycatShaftBlock
[21:40:48] [modloading-worker-0/WARN] [mixin/]: Discarding @Unique public method useItemOn in copycats-neoforge.mixins.json:foundation.copycat.CopycatBlockMixin from mod copycats because it already exists in com.copycatsplus.copycats.content.copycat.shaft.CopycatShaftBlock
[21:40:48] [modloading-worker-0/WARN] [mixin/]: Discarding @Unique public method useWithoutItem in copycats-neoforge.mixins.json:foundation.copycat.CopycatBlockMixin from mod copycats because it already exists in com.copycatsplus.copycats.content.copycat.shaft.CopycatShaftBlock
[21:40:48] [modloading-worker-0/WARN] [mixin/]: Discarding @Unique public method rotate in copycats-neoforge.mixins.json:foundation.copycat.multistate.MultiStateCopycatBlockMixin from mod copycats because it already exists in com.copycatsplus.copycats.content.copycat.cogwheel.CopycatCogWheelBlock
[21:40:48] [modloading-worker-0/WARN] [mixin/]: Discarding @Unique public method mirror in copycats-neoforge.mixins.json:foundation.copycat.multistate.MultiStateCopycatBlockMixin from mod copycats because it already exists in com.copycatsplus.copycats.content.copycat.cogwheel.CopycatCogWheelBlock
[21:40:48] [modloading-worker-0/WARN] [mixin/]: Discarding @Unique public method useItemOn in copycats-neoforge.mixins.json:foundation.copycat.multistate.MultiStateCopycatBlockMixin from mod copycats because it already exists in com.copycatsplus.copycats.content.copycat.cogwheel.CopycatCogWheelBlock
[21:40:48] [modloading-worker-0/WARN] [mixin/]: Discarding @Unique public method useWithoutItem in copycats-neoforge.mixins.json:foundation.copycat.multistate.MultiStateCopycatBlockMixin from mod copycats because it already exists in com.copycatsplus.copycats.content.copycat.cogwheel.CopycatCogWheelBlock
[21:40:48] [modloading-worker-0/WARN] [mixin/]: Discarding @Unique public method rotate in copycats-neoforge.mixins.json:foundation.copycat.CopycatBlockMixin from mod copycats because it already exists in com.copycatsplus.copycats.content.copycat.fluid_pipe.CopycatFluidPipeBlock
[21:40:48] [modloading-worker-0/WARN] [mixin/]: Discarding @Unique public method mirror in copycats-neoforge.mixins.json:foundation.copycat.CopycatBlockMixin from mod copycats because it already exists in com.copycatsplus.copycats.content.copycat.fluid_pipe.CopycatFluidPipeBlock
[21:40:48] [modloading-worker-0/WARN] [mixin/]: Discarding @Unique public method useItemOn in copycats-neoforge.mixins.json:foundation.copycat.CopycatBlockMixin from mod copycats because it already exists in com.copycatsplus.copycats.content.copycat.fluid_pipe.CopycatFluidPipeBlock
[21:40:48] [modloading-worker-0/WARN] [mixin/]: Discarding @Unique public method useWithoutItem in copycats-neoforge.mixins.json:foundation.copycat.CopycatBlockMixin from mod copycats because it already exists in com.copycatsplus.copycats.content.copycat.fluid_pipe.CopycatFluidPipeBlock
[21:40:48] [modloading-worker-0/WARN] [mixin/]: Discarding @Unique public method rotate in copycats-neoforge.mixins.json:foundation.copycat.CopycatBlockMixin from mod copycats because it already exists in com.copycatsplus.copycats.content.copycat.pane.CopycatPaneBlock
[21:40:48] [modloading-worker-0/WARN] [mixin/]: Discarding @Unique public method mirror in copycats-neoforge.mixins.json:foundation.copycat.CopycatBlockMixin from mod copycats because it already exists in com.copycatsplus.copycats.content.copycat.pane.CopycatPaneBlock
[21:40:48] [modloading-worker-0/WARN] [mixin/]: Discarding @Unique public method useItemOn in copycats-neoforge.mixins.json:foundation.copycat.CopycatBlockMixin from mod copycats because it already exists in com.copycatsplus.copycats.content.copycat.pane.CopycatPaneBlock
[21:40:48] [modloading-worker-0/WARN] [mixin/]: Discarding @Unique public method useWithoutItem in copycats-neoforge.mixins.json:foundation.copycat.CopycatBlockMixin from mod copycats because it already exists in com.copycatsplus.copycats.content.copycat.pane.CopycatPaneBlock
[21:40:48] [modloading-worker-0/WARN] [mixin/]: Discarding @Unique public method onLoad in copycats-neoforge.mixins.json:foundation.copycat.CopycatBlockEntityMixin from mod copycats because it already exists in com.copycatsplus.copycats.foundation.copycat.CCCopycatBlockEntity
[21:40:48] [modloading-worker-0/WARN] [mixin/]: Discarding @Unique public method onLoad in copycats-neoforge.mixins.json:foundation.copycat.multistate.MultiStateCopycatBlockEntityMixin from mod copycats because it already exists in com.copycatsplus.copycats.foundation.copycat.multistate.MultiStateCopycatBlockEntity
[21:40:48] [modloading-worker-0/WARN] [mixin/]: Discarding @Unique public method onLoad in copycats-neoforge.mixins.json:foundation.copycat.CopycatBlockEntityMixin from mod copycats because it already exists in com.copycatsplus.copycats.content.copycat.shaft.CopycatShaftBlockEntity
[21:40:48] [modloading-worker-0/WARN] [mixin/]: Discarding @Unique public method onLoad in copycats-neoforge.mixins.json:foundation.copycat.multistate.MultiStateCopycatBlockEntityMixin from mod copycats because it already exists in com.copycatsplus.copycats.content.copycat.cogwheel.CopycatCogWheelBlockEntity
[21:40:48] [modloading-worker-0/WARN] [mixin/]: Discarding @Unique public method onLoad in copycats-neoforge.mixins.json:foundation.copycat.CopycatBlockEntityMixin from mod copycats because it already exists in com.copycatsplus.copycats.content.copycat.fluid_pipe.CopycatFluidPipeBlockEntity
[21:40:48] [modloading-worker-0/WARN] [mixin/]: Discarding @Unique public method onLoad in copycats-neoforge.mixins.json:foundation.copycat.CopycatBlockEntityMixin from mod copycats because it already exists in com.copycatsplus.copycats.content.copycat.fluid_pipe.CopycatStraightPipeBlockEntity
[21:40:48] [modloading-worker-0/WARN] [mixin/]: Discarding @Unique public method onLoad in copycats-neoforge.mixins.json:foundation.copycat.CopycatBlockEntityMixin from mod copycats because it already exists in com.copycatsplus.copycats.content.copycat.sliding_door.CopycatSlidingDoorBlockEntity
[21:40:48] [modloading-worker-0/INFO] [ne.bl.mo.ba.ne.co.NeoForgeBalmConfig/]: Registering config for craftingtweaks:common (COMMON) with 8 properties.
[21:40:49] [modloading-worker-0/WARN] [ne.ne.fm.co.ConfigTracker/CONFIG]: Configuration file <WORKSPACE>\runtime-m3-atm10\config\mysticalagriculture-common.toml is not correct. Correcting
[21:40:49] [modloading-worker-0/INFO] [Mystical Agriculture/]: Registered plugin: com.blakebr0.mysticalagriculture.lib.ModCorePlugin
[21:40:49] [modloading-worker-0/INFO] [Mystical Agriculture/]: Registered plugin: com.blakebr0.mysticalcustomization.lib.ModCorePlugin
[21:40:49] [modloading-worker-0/INFO] [ne.pe.py.Pylons/]: Registering mod: pylons
[21:40:49] [modloading-worker-0/INFO] [Mystical Agriculture/]: Registered plugin: com.blakebr0.mysticalagradditions.lib.ModCorePlugin
[21:40:49] [modloading-worker-0/INFO] [Mystical Customization/]: Created /config/mysticalcustomization/mobsoultypes/ directory
[21:40:49] [modloading-worker-0/INFO] [Mystical Agriculture/]: Loaded 3 plugins
[21:40:49] [modloading-worker-0/INFO] [PluginManager/]: Scanning classes for functionalstorage
[21:40:49] [modloading-worker-0/INFO] [QuarryPlus/]: Initialize quarryplus with com.kotori316.scala_lib.ScalaModContainer
[21:40:50] [modloading-worker-0/INFO] [YetAnotherConfigLib/]: Config file 'config\variantsandventures.json' does not exist. Creating it with default values.
[21:40:50] [modloading-worker-0/INFO] [YetAnotherConfigLib/]: Serializing class com.faboslav.variantsandventures.common.config.VariantsAndVenturesConfig to 'config\variantsandventures.json'
[21:40:50] [modloading-worker-0/INFO] [QuarryPlus/]: [PlatformAccess] loading
[21:40:50] [modloading-worker-0/INFO] [QuarryPlus/]: [PlatformAccess] loaded for NeoForge, PlatformAccessNeoForge
[21:40:50] [modloading-worker-0/INFO] [QuarryPlus/]: Initialize finished quarryplus
[21:40:50] [modloading-worker-0/INFO] [Modern Dynamics/]: Successfully loaded Modern Dynamics!
[21:40:50] [modloading-worker-0/INFO] [ne.pe.no.NoVillagerDeathMessages/]: Registering mod: novillagerdm
[21:40:51] [modloading-worker-0/INFO] [Torchmaster/]: Initializing Torchmaster for platform NeoForge
[21:40:51] [modloading-worker-0/INFO] [Torchmaster/]: Debug Logging Enabled: false
[21:40:51] [modloading-worker-0/WARN] [mixin/]: Static binding violation: PRIVATE @Overwrite method elementOrTag in modernfix-modernfix.mixins.json:perf.tag_id_caching.TagEntryMixin from mod modernfix cannot reduce visibiliy of PUBLIC target method, visibility will be upgraded.
[21:40:51] [modloading-worker-0/INFO] [BrandonsCore/]: Knock Knock...
[21:40:51] [modloading-worker-0/WARN] [draconicevolution/]: Reactor detonation initiated.
[21:40:51] [modloading-worker-0/INFO] [BrandonsCore/]: Wait... NO! What?
[21:40:51] [modloading-worker-0/INFO] [BrandonsCore/]: Stop That! That's not how this works!
[21:40:51] [modloading-worker-0/WARN] [draconicevolution/]: Calculating explosion ETA
[21:40:51] [modloading-worker-0/INFO] [BrandonsCore/]: Ahh... NO... NONONO! DONT DO THAT!!! STOP THIS NOW!
[21:40:51] [modloading-worker-0/WARN] [draconicevolution/]: **Explosion Imminent!!!**
[21:40:51] [modloading-worker-0/INFO] [BrandonsCore/]: Well...... fork...
[21:40:51] [modloading-worker-0/WARN] [minecraft/Weight]: Found 0 weight, make sure this is intentional!
[21:40:52] [modloading-worker-0/WARN] [ne.ne.fm.co.ConfigTracker/CONFIG]: Configuration file <WORKSPACE>\runtime-m3-atm10\config\Mekanism\startup.toml is not correct. Correcting
[21:40:52] [modloading-worker-0/ERROR] [ne.ne.fm.co.as.RuntimeDistCleaner/DISTXFORM]: Attempted to load class net/minecraft/client/gui/screens/Screen for invalid dist DEDICATED_SERVER
[21:40:52] [modloading-worker-0/ERROR] [ne.ne.fm.ja.FMLModContainer/LOADING]: Failed to create mod instance. ModID: formations, class com.supermartijn642.formations.Formations
java.lang.BootstrapMethodError: java.lang.RuntimeException: Attempted to load class net/minecraft/client/gui/screens/Screen for invalid dist DEDICATED_SERVER
	at TRANSFORMER/formations@1.0.4/com.supermartijn642.formations.FormationsDev.initDevTools(FormationsDev.java:40) ~[formations-1.0.4-neoforge-mc1.21.jar%23759!/:?] {re:mixin,re:classloading}
	at TRANSFORMER/formations@1.0.4/com.supermartijn642.formations.Formations.<init>(Formations.java:29) ~[formations-1.0.4-neoforge-mc1.21.jar%23759!/:?] {re:mixin,re:classloading}
	at java.base/jdk.internal.reflect.DirectConstructorHandleAccessor.newInstance(DirectConstructorHandleAccessor.java:62) ~[?:?] {}
	at java.base/java.lang.reflect.Constructor.newInstanceWithCaller(Constructor.java:502) ~[?:?] {}
	at java.base/java.lang.reflect.Constructor.newInstance(Constructor.java:486) ~[?:?] {}
	at MC-BOOTSTRAP/fml_loader@4.0.44/net.neoforged.fml.javafmlmod.FMLModContainer.constructMod(FMLModContainer.java:122) ~[loader-4.0.44.jar%23102!/:4.0] {}
	at MC-BOOTSTRAP/fml_loader@4.0.44/net.neoforged.fml.ModLoader.lambda$constructMods$3(ModLoader.java:153) ~[loader-4.0.44.jar%23102!/:4.0] {}
	at MC-BOOTSTRAP/fml_loader@4.0.44/net.neoforged.fml.ModLoader.lambda$dispatchParallelTask$7(ModLoader.java:231) ~[loader-4.0.44.jar%23102!/:4.0] {}
	at java.base/java.util.concurrent.CompletableFuture.uniHandle(CompletableFuture.java:934) [?:?] {re:mixin}
	at java.base/java.util.concurrent.CompletableFuture$UniHandle.tryFire(CompletableFuture.java:911) [?:?] {}
	at java.base/java.util.concurrent.CompletableFuture$Completion.exec(CompletableFuture.java:483) [?:?] {}
	at java.base/java.util.concurrent.ForkJoinTask.doExec(ForkJoinTask.java:387) [?:?] {}
	at java.base/java.util.concurrent.ForkJoinPool$WorkQueue.topLevelExec(ForkJoinPool.java:1312) [?:?] {}
	at java.base/java.util.concurrent.ForkJoinPool.scan(ForkJoinPool.java:1843) [?:?] {re:mixin,re:computing_frames}
	at java.base/java.util.concurrent.ForkJoinPool.runWorker(ForkJoinPool.java:1808) [?:?] {re:mixin,re:computing_frames}
	at java.base/java.util.concurrent.ForkJoinWorkerThread.run(ForkJoinWorkerThread.java:188) [?:?] {re:mixin}
Caused by: java.lang.RuntimeException: Attempted to load class net/minecraft/client/gui/screens/Screen for invalid dist DEDICATED_SERVER
	at MC-BOOTSTRAP/fml_loader@4.0.44/net.neoforged.fml.common.asm.RuntimeDistCleaner.processClassWithFlags(RuntimeDistCleaner.java:60) ~[loader-4.0.44.jar:4.0] {}
	at MC-BOOTSTRAP/cpw.mods.modlauncher@11.0.5/cpw.mods.modlauncher.LaunchPluginHandler.offerClassNodeToPlugins(LaunchPluginHandler.java:94) ~[modlauncher-11.0.5.jar:?] {}
	at MC-BOOTSTRAP/cpw.mods.modlauncher@11.0.5/cpw.mods.modlauncher.ClassTransformer.transform(ClassTransformer.java:120) ~[modlauncher-11.0.5.jar:?] {}
	at MC-BOOTSTRAP/cpw.mods.modlauncher@11.0.5/cpw.mods.modlauncher.TransformingClassLoader.maybeTransformClassBytes(TransformingClassLoader.java:57) ~[modlauncher-11.0.5.jar:?] {}
	at cpw.mods.securejarhandler/cpw.mods.cl.ModuleClassLoader.readerToClass(ModuleClassLoader.java:190) ~[securejarhandler-3.0.8.jar:?] {}
	at cpw.mods.securejarhandler/cpw.mods.cl.ModuleClassLoader.lambda$findClass$20(ModuleClassLoader.java:298) ~[securejarhandler-3.0.8.jar:?] {}
	at cpw.mods.securejarhandler/cpw.mods.cl.ModuleClassLoader.loadFromModule(ModuleClassLoader.java:311) ~[securejarhandler-3.0.8.jar:?] {}
	at cpw.mods.securejarhandler/cpw.mods.cl.ModuleClassLoader.findClass(ModuleClassLoader.java:298) ~[securejarhandler-3.0.8.jar:?] {}
	at cpw.mods.securejarhandler/cpw.mods.cl.ModuleClassLoader.loadClass(ModuleClassLoader.java:214) ~[securejarhandler-3.0.8.jar:?] {}
	at java.base/java.lang.ClassLoader.loadClass(ClassLoader.java:526) ~[?:?] {}
	... 16 more
[21:40:53] [modloading-worker-0/INFO] [tw.be.BeanContext/]: Starting Bean Context
[21:40:53] [modloading-worker-0/INFO] [STDOUT/]: [yalter.mousetweaks.Logger:Log:6]: [Mouse Tweaks] Disabled because not running on the client.
[21:40:54] [modloading-worker-0/WARN] [ne.ne.fm.co.ConfigTracker/CONFIG]: Configuration file <WORKSPACE>\runtime-m3-atm10\config\immersiveengineering-startup.toml is not correct. Correcting
[21:40:54] [modloading-worker-0/INFO] [tw.be.BeanContext/]: Bean Context loaded in 1109 ms
[21:40:55] [modloading-worker-0/INFO] [ne.po.bi.BiomesWeveGone/]: Registering Oh The Biomes We've Gone data components
[21:40:56] [modloading-worker-0/INFO] [ne.po.bi.BiomesWeveGone/]: Registering Oh The Biomes We've Gone items
[21:40:56] [modloading-worker-0/INFO] [ne.bl.mo.ba.ne.co.NeoForgeBalmConfig/]: Registering config for cookingforblockheads:common (COMMON) with 12 properties.
[21:40:56] [modloading-worker-0/INFO] [ne.po.bi.BiomesWeveGone/]: Registering Oh The Biomes We've Gone Blocks
[21:40:56] [modloading-worker-0/INFO] [potionsmaster/]: BlockStore initialized with 22 ores
[21:40:56] [modloading-worker-0/INFO] [ne.po.bi.BiomesWeveGone/]: Registering Oh The Biomes We've Gone Wood
[21:40:56] [modloading-worker-0/INFO] [ne.po.bi.BiomesWeveGone/]: Registering Oh The Biomes We've Gone Block Entities
[21:40:56] [modloading-worker-0/INFO] [ne.po.bi.BiomesWeveGone/]: Registering Oh The Biomes We've Gone Entities
[21:40:56] [modloading-worker-0/INFO] [ne.po.bi.BiomesWeveGone/]: Registering Oh The Biomes We've Gone Creative Tabs
[21:40:56] [modloading-worker-0/INFO] [ne.po.bi.BiomesWeveGone/]: Registering Oh The Biomes We've Gone Sounds
[21:40:56] [modloading-worker-0/INFO] [ne.po.bi.BiomesWeveGone/]: Registering Oh The Biomes We've Gone Block Predicate
[21:40:56] [modloading-worker-0/INFO] [ne.po.bi.BiomesWeveGone/]: Registering Oh The Biomes We've Gone State Providers
[21:40:56] [modloading-worker-0/INFO] [ne.po.bi.BiomesWeveGone/]: Registering Oh The Biomes We've Gone Tree Decorators
[21:40:56] [modloading-worker-0/INFO] [ne.po.bi.BiomesWeveGone/]: Registering Oh The Biomes We've Gone Custom Features
[21:40:56] [modloading-worker-0/INFO] [ne.po.bi.BiomesWeveGone/]: Registering Oh The Biomes We've Gone Structure Pieces
[21:40:56] [modloading-worker-0/INFO] [ne.po.bi.BiomesWeveGone/]: Registering Oh The Biomes We've Gone Custom Structure Types
[21:40:56] [modloading-worker-0/INFO] [ne.po.bi.BiomesWeveGone/]: Registering Oh The Biomes We've Gone Configured Features
[21:40:56] [modloading-worker-0/INFO] [de.at.ATMCompanion/]: ATM Companion M3 initialized: staged recipe knowledge, material planning, nearby vanilla stations and one-operation observations; no AI/network client
[21:40:56] [modloading-worker-0/INFO] [ne.po.bi.BiomesWeveGone/]: Creating and Registering Overworld Vegetation Configured Features
[21:40:56] [modloading-worker-0/INFO] [th.ko.ne.te.KotlinForForge/]: Kotlin For Forge Enabled!
[21:40:56] [modloading-worker-0/INFO] [co.ax.st.StorageDelight/]: Storage Delight loaded
[21:40:56] [modloading-worker-0/INFO] [Moonlight/]: Detected config change in dummmmmmy-common.toml, from neoforge config event
[21:40:57] [modloading-worker-0/INFO] [ne.po.bi.BiomesWeveGone/]: Registering Oh The Biomes We've Gone Tree Configured Features
[21:40:57] [modloading-worker-0/INFO] [ne.po.bi.BiomesWeveGone/]: Creating and Registering Vanilla Configured Features
[21:40:57] [modloading-worker-0/INFO] [ne.po.bi.BiomesWeveGone/]: Registering Oh The Biomes You'll Go Overworld Configured Features
[21:40:57] [modloading-worker-0/INFO] [ne.po.bi.BiomesWeveGone/]: Registering Oh The Biomes We've Gone Placed Features
[21:40:57] [modloading-worker-0/INFO] [ne.po.bi.BiomesWeveGone/]: Creating and Registering Overworld Tree Placed Features
[21:40:57] [modloading-worker-0/INFO] [ne.po.bi.BiomesWeveGone/]: Creating and Registering Overworld Vegetation Placed Features
[21:40:57] [modloading-worker-0/INFO] [ne.po.bi.BiomesWeveGone/]: Creating and Registering Vanilla Placed Features
[21:40:57] [modloading-worker-0/INFO] [ne.po.bi.BiomesWeveGone/]: Registering Oh The Biomes We've Gone Custom Surface Rules
[21:40:57] [modloading-worker-0/INFO] [ne.po.bi.BiomesWeveGone/]: Registering Oh The Biomes We've Gone Template Pools
[21:40:57] [modloading-worker-0/INFO] [ne.po.bi.BiomesWeveGone/]: Registering Oh The Biome's We've Gone Village Template Pools
[21:40:57] [modloading-worker-0/INFO] [ne.po.bi.BiomesWeveGone/]: Registering Oh The Biomes We've Gone Poi Types
[21:40:57] [modloading-worker-0/INFO] [ne.po.bi.BiomesWeveGone/]: Registering Oh The Biomes We've Gone Villager Professions
[21:40:57] [modloading-worker-0/INFO] [ne.po.bi.BiomesWeveGone/]: Registering Oh The Biomes We've Gone Custom Structure Processors
[21:40:57] [modloading-worker-0/INFO] [ne.po.bi.BiomesWeveGone/]: Registering Oh The Biomes We've Gone villager types
[21:40:57] [modloading-worker-0/INFO] [ne.po.bi.BiomesWeveGone/]: Registering Oh The Biomes We've Gone Schedules
[21:40:57] [modloading-worker-0/INFO] [ne.po.bi.BiomesWeveGone/]: Registering Oh The Biomes We've Gone Memory Module Types
[21:40:57] [modloading-worker-0/INFO] [ne.po.bi.BiomesWeveGone/]: Registering Oh The Biomes We've Gone Sensor Types
[21:40:57] [modloading-worker-0/INFO] [ne.po.bi.BiomesWeveGone/]: Registering Oh The Biomes We've Gone Map Decoration Types
[21:40:57] [modloading-worker-0/INFO] [ne.po.bi.BiomesWeveGone/]: Registering Oh The Biomes We've Gone Entity SubPredicates
[21:40:57] [modloading-worker-0/INFO] [PluginManager/]: Scanning classes for dysoncubeproject
[21:40:58] [modloading-worker-0/INFO] [betterstrongholds/]: Creating directory for additional Better Strongholds configuration at <WORKSPACE>\runtime-m3-atm10\config\betterstrongholds\neoforge-1_21
[21:40:58] [modloading-worker-0/INFO] [PluginManager/]: Scanning classes for mifa
[21:40:58] [modloading-worker-0/INFO] [de.ft.mo.ft.FTBUltimine/]: FTB Ranks detected, listening for ranks events
[21:40:58] [modloading-worker-0/INFO] [STDERR/]: [com.spaceagle17.irissearch.neoforge.NeoforgeModLoaderSpecifics:serverCheck:41]: [IrisSearch] Server detected. Disabling client-only features.
[21:40:59] [modloading-worker-0/INFO] [Towns and Towers/]: Loading T&T
[21:40:59] [modloading-worker-0/WARN] [ne.ne.fm.co.ConfigTracker/CONFIG]: Configuration file <WORKSPACE>\runtime-m3-atm10\config\merrymaking-common.toml is not correct. Correcting
[21:41:00] [modloading-worker-0/INFO] [KubeJS/]: Loading vanilla registries...
[21:41:00] [modloading-worker-0/INFO] [KubeJS/]: Looking for KubeJS plugins...
[21:41:00] [modloading-worker-0/INFO] [KubeJS/]: Found plugin source kubejs
[21:41:00] [modloading-worker-0/WARN] [KubeJS/]: Plugin dev.latvian.mods.kubejs.plugin.builtin.BuiltinKubeJSClientPlugin does not load on server side, skipping
[21:41:00] [modloading-worker-0/INFO] [KubeJS/]: Found plugin source neovitae
[21:41:00] [modloading-worker-0/INFO] [KubeJS/]: Found plugin source theurgy_kubejs
[21:41:00] [modloading-worker-0/INFO] [KubeJS/]: Found plugin source kubejstweaks
[21:41:00] [modloading-worker-0/WARN] [KubeJS/]: Plugin dev.uncandango.kubejstweaks.kubejs.kjs71.plugin.KJSTProbeJSPlugin does not load on server side, skipping
[21:41:00] [modloading-worker-0/WARN] [KubeJS/]: Plugin dev.uncandango.kubejstweaks.kubejs.kjs72.plugin.KJSTProbeJSPlugin does not load on server side, skipping
[21:41:00] [modloading-worker-0/INFO] [KubeJS/]: Found plugin source create_aquatic_ambitions
[21:41:00] [modloading-worker-0/INFO] [KubeJS/]: Found plugin source ftbxmodcompat
[21:41:00] [modloading-worker-0/INFO] [KubeJS/]: Found plugin source occultism_kubejs
[21:41:00] [modloading-worker-0/INFO] [KubeJS/]: Found plugin source ponderjs
[21:41:00] [modloading-worker-0/INFO] [KubeJS/]: Found plugin source extendedae
[21:41:00] [modloading-worker-0/INFO] [KubeJS/]: Found plugin source modern_industrialization
[21:41:00] [modloading-worker-0/INFO] [KubeJS/]: Done in 81.85 ms
[21:41:00] [modloading-worker-0/INFO] [FTB XMod Compat/]: [FTB Quests] Enabled KubeJS integration
[21:41:00] [modloading-worker-0/INFO] [FTB XMod Compat/]: [FTB Chunks] Enabled KubeJS integration
[21:41:00] [modloading-worker-0/INFO] [owo/]: blod: I think I need to take a book out of your page
[21:41:00] [modloading-worker-0/INFO] [ne.bl.mo.ba.ne.co.NeoForgeBalmConfig/]: Registering config for trashslot:common (COMMON) with 5 properties.
[21:41:00] [modloading-worker-0/WARN] [ne.ne.fm.co.ConfigTracker/CONFIG]: Configuration file <WORKSPACE>\runtime-m3-atm10\config\amendments-common.toml is not correct. Correcting
[21:41:00] [modloading-worker-0/INFO] [Advanced Peripherals/]: AdvancedPeripherals says hello!
[21:41:00] [modloading-worker-0/INFO] [Moonlight/]: Detected config change in amendments-common.toml, from neoforge config event
[21:41:00] [modloading-worker-0/INFO] [Moonlight/]: Sending changed configs to client
[21:41:00] [modloading-worker-0/INFO] [oracle_index/]: Hello from the Oracle Wiki Mod!
[21:41:00] [modloading-worker-0/INFO] [oritech/]: Begin Oritech initialization
[21:41:00] [modloading-worker-0/INFO] [ne.bl.mo.ba.ne.co.NeoForgeBalmConfig/]: Registering config for waystones:common (COMMON) with 38 properties.
[21:41:01] [modloading-worker-0/INFO] [Dungeon Crawl/]: Here we go! Launching Dungeon Crawl 2.3.17...
[21:41:01] [modloading-worker-0/INFO] [betterdeserttemples/]: Creating directory for additional Better Desert Temples configuration at <WORKSPACE>\runtime-m3-atm10\config\betterdeserttemples\neoforge-1_21
[21:41:01] [modloading-worker-0/INFO] [Moonlight/]: Detected config change in moonlight-common.toml, from neoforge config event
[21:41:01] [modloading-worker-0/INFO] [Moonlight/]: Sending changed configs to client
[21:41:01] [modloading-worker-0/INFO] [oritech/]: Oritech initialization complete
[21:41:01] [modloading-worker-0/INFO] [Moonlight/]: Detected config change in moonlight-test.toml, from neoforge config event
[21:41:01] [modloading-worker-0/INFO] [PluginManager/]: Scanning classes for titanium
[21:41:01] [modloading-worker-0/INFO] [Regions Unexplored/]: Initializing Regions Unexplored from Forge Mod Initializer entrypoint.
[21:41:01] [modloading-worker-0/INFO] [KubeJS/]: Added bindings for script type STARTUP from mod 'almostunified': [AlmostUnified]
[21:41:02] [modloading-worker-0/INFO] [KubeJS Startup/]: Loaded script startup_scripts:Applied Energistics/Universal_Press.js in 0.297 s
[21:41:02] [modloading-worker-0/INFO] [KubeJS Startup/]: startup_scripts:CustomAdditions.js#4: Loaded Java class 'net.minecraft.core.registries.BuiltInRegistries'
[21:41:02] [modloading-worker-0/INFO] [KubeJS Startup/]: startup_scripts:CustomAdditions.js#57: Loaded Java class 'com.google.common.base.Stopwatch'
[21:41:02] [modloading-worker-0/INFO] [KubeJS Startup/]: Loaded script startup_scripts:CustomAdditions.js in 0.065 s
[21:41:02] [modloading-worker-0/INFO] [KubeJS Startup/]: Loaded script startup_scripts:eternal_starlight/eternal_starlight.js in 0.0 s
[21:41:02] [modloading-worker-0/INFO] [KubeJS Startup/]: Loaded script startup_scripts:ExtendedAE/InfinityCells.js in 0.009 s
[21:41:02] [modloading-worker-0/INFO] [KubeJS Startup/]: Loaded script startup_scripts:Farmer's Delight/Compatibility.js in 0.001 s
[21:41:02] [modloading-worker-0/INFO] [KubeJS Startup/]: startup_scripts:hyperbox/hyperbox.js#1: Loaded Java class 'net.neoforged.neoforge.event.entity.player.PlayerEvent$PlayerChangedDimensionEvent'
[21:41:02] [modloading-worker-0/INFO] [KubeJS Startup/]: Loaded script startup_scripts:hyperbox/hyperbox.js in 0.021 s
[21:41:02] [modloading-worker-0/INFO] [KubeJS Startup/]: Loaded script startup_scripts:Immersive Engineering/chemthrower.js in 0.001 s
[21:41:02] [modloading-worker-0/INFO] [KubeJS Startup/]: Loaded script startup_scripts:incompatible_versions.js in 0.001 s
[21:41:02] [modloading-worker-0/INFO] [KubeJS Startup/]: startup_scripts:Mekanism/Compatibility.js#18: Loaded Java class 'mekanism.api.chemical.Chemical'
[21:41:02] [modloading-worker-0/INFO] [KubeJS Startup/]: startup_scripts:Mekanism/Compatibility.js#19: Loaded Java class 'mekanism.api.chemical.ChemicalBuilder'
[21:41:02] [modloading-worker-0/INFO] [KubeJS Startup/]: Loaded script startup_scripts:Mekanism/Compatibility.js in 0.022 s
[21:41:02] [modloading-worker-0/INFO] [KubeJS Startup/]: Loaded script startup_scripts:Modern-Industrialization/atm_stuff.js in 0.002 s
[21:41:02] [modloading-worker-0/INFO] [KubeJS Startup/]: Loaded script startup_scripts:Modern-Industrialization/multiblocks/auto_forge.js in 0.02 s
[21:41:02] [modloading-worker-0/INFO] [KubeJS Startup/]: Loaded script startup_scripts:Modern-Industrialization/multiblocks/casing.js in 0.001 s
[21:41:02] [modloading-worker-0/INFO] [KubeJS Startup/]: Loaded script startup_scripts:Modern-Industrialization/multiblocks/runic_crucible.js in 0.003 s
[21:41:02] [modloading-worker-0/INFO] [KubeJS Startup/]: Loaded script startup_scripts:Modern-Industrialization/multiblocks/runic_enchanter.js in 0.005 s
[21:41:02] [modloading-worker-0/INFO] [KubeJS Startup/]: Loaded script startup_scripts:Modern-Industrialization/multiblocks/runic_star_altar.js in 0.007 s
[21:41:02] [modloading-worker-0/INFO] [KubeJS Startup/]: startup_scripts:Shrink/polylib_fix.js#1: Loaded Java class 'net.creeperhost.polylib.init.DataComps'
[21:41:02] [modloading-worker-0/INFO] [KubeJS Startup/]: Loaded script startup_scripts:Shrink/polylib_fix.js in 0.003 s
[21:41:02] [modloading-worker-0/INFO] [KubeJS Startup/]: Loaded script startup_scripts:Theurgy/SulfurAdditions.js in 0.002 s
[21:41:02] [modloading-worker-0/INFO] [KubeJS Startup/]: startup_scripts:update_checker.js#1: Loaded Java class 'org.apache.maven.artifact.versioning.DefaultArtifactVersion'
[21:41:02] [modloading-worker-0/INFO] [KubeJS Startup/]: startup_scripts:update_checker.js#2: Loaded Java class 'java.util.Locale'
[21:41:02] [modloading-worker-0/INFO] [KubeJS Startup/]: Loaded script startup_scripts:update_checker.js in 0.009 s
[21:41:02] [modloading-worker-0/INFO] [KubeJS Startup/]: Loaded script startup_scripts:Xycraft/Compatibility.js in 0.0 s
[21:41:02] [modloading-worker-0/INFO] [KubeJS Startup/]: Loaded 19/19 KubeJS startup scripts in 2.011 s with 0 errors and 0 warnings
[21:41:02] [modloading-worker-0/WARN] [mixin/]: Method overwrite conflict for getUpgrades in mixins.appflux.json:MixinPatternProviderLogicHost from mod appflux, previously written by lu.kolja.expandedae.mixin.patternprovider.MixinPatternProviderLogicHost. Skipping method.
[21:41:02] [modloading-worker-0/INFO] [STDOUT/]: [net.valhelsia.valhelsia_core.api.common.item.tab.neoforge.CreativeTabFactoryImpl:create:15]: TEST
[21:41:02] [modloading-worker-0/INFO] [STDOUT/]: [net.valhelsia.valhelsia_core.api.common.item.tab.neoforge.CreativeTabFactoryImpl:create:21]: TEST2
[21:41:02] [modloading-worker-0/INFO] [KubeJS Startup/]: Validated 337 files in kubejs/data/ in 507ms
[21:41:02] [modloading-worker-0/INFO] [YetAnotherConfigLib/]: Config file '<WORKSPACE>\runtime-m3-atm10\config\yacl.json5' does not exist. Creating it with default values.
[21:41:02] [modloading-worker-0/INFO] [YetAnotherConfigLib/]: Serializing class dev.isxander.yacl3.platform.YACLConfig to '<WORKSPACE>\runtime-m3-atm10\config\yacl.json5'
[21:41:03] [modloading-worker-0/INFO] [FTB Library/]: registered docs provider mod: guideme
[21:41:03] [modloading-worker-0/INFO] [FTB Library/]: registered docs provider mod: patchouli
[21:41:03] [modloading-worker-0/INFO] [be.fl.ex.ExpandAbility/]: ExpandAbility here, who dis?
[21:41:03] [modloading-worker-0/INFO] [ne.to.xt.XtonesReworkedMod/]: SETUP Xtones Reworked
[21:41:03] [modloading-worker-0/WARN] [ne.ne.fm.co.ConfigTracker/CONFIG]: Configuration file <WORKSPACE>\runtime-m3-atm10\config\Mekanism\tools-materials-startup.toml is not correct. Correcting
[21:41:03] [modloading-worker-0/INFO] [Tesseract API/MIMixinPlugin/]: Starting MI hook entrypoint loader
[21:41:03] [modloading-worker-0/INFO] [Tesseract API/MIMixinPlugin/]: Registered entrypoint for mod tesseract_api: net.swedz.tesseract.neoforge.compat.mi.hook.builtin.TesseractMIHookListener
[21:41:03] [modloading-worker-0/INFO] [Tesseract API/MIMixinPlugin/]: Registered entrypoint for mod extended_industrialization: net.swedz.extended_industrialization.compat.mi.EIMIHookListener
[21:41:03] [modloading-worker-0/INFO] [Tesseract API/MIMixinPlugin/]: Registered entrypoint for mod extended_industrialization: net.swedz.extended_industrialization.compat.mi.EIMIHookRegistry
[21:41:03] [modloading-worker-0/INFO] [Tesseract API/MIMixinPlugin/]: Registered entrypoint for mod industrialization_overdrive: dev.wp.industrialization_overdrive.compat.mi.IOMIHookRegistry
[21:41:03] [modloading-worker-0/INFO] [Tesseract API/MIMixinPlugin/]: Registered entrypoint for mod industrialization_overdrive: dev.wp.industrialization_overdrive.compat.mi.IOMIHookListener
[21:41:03] [modloading-worker-0/INFO] [Tesseract API/MIMixinPlugin/]: Done MI hook entrypoint loader
[21:41:03] [modloading-worker-0/WARN] [ne.ne.fm.co.ConfigTracker/CONFIG]: Configuration file <WORKSPACE>\runtime-m3-atm10\config\modern_industrialization-startup.toml is not correct. Correcting
[21:41:03] [modloading-worker-0/INFO] [logisticsnetworks/]: Config file not found, generating default at <WORKSPACE>\runtime-m3-atm10\config\logistics-network\upgrades.json
[21:41:04] [modloading-worker-0/INFO] [Modern Industrialization/]: Modern Industrialization setup done!
[21:41:04] [modloading-worker-0/INFO] [Tesseract API/Proxies/]: Starting proxy manager entrypoint loader
[21:41:04] [modloading-worker-0/INFO] [Tesseract API/Proxies/]: Loaded proxy entrypoint net.swedz.little_big_redstone.compat.grandpower.GrandPowerProxy (GrandPowerLoadedProxy)
[21:41:04] [modloading-worker-0/INFO] [Tesseract API/Proxies/]: Loaded proxy entrypoint net.swedz.extended_industrialization.proxy.EIProxy (EIProxy)
[21:41:04] [modloading-worker-0/INFO] [Tesseract API/Proxies/]: Loaded proxy entrypoint net.swedz.extended_industrialization.proxy.modslot.accessories.EIModSlotAccessoriesProxy (EIModSlotAccessoriesPresentProxy)
[21:41:04] [modloading-worker-0/INFO] [Tesseract API/Proxies/]: Loaded proxy entrypoint net.swedz.extended_industrialization.proxy.modslot.curios.EIModSlotCuriosProxy (EIModSlotCuriosPresentProxy)
[21:41:04] [modloading-worker-0/INFO] [Tesseract API/Proxies/]: Loaded proxy entrypoint net.swedz.tesseract.neoforge.proxy.builtin.TesseractProxy (TesseractProxy)
[21:41:04] [modloading-worker-0/INFO] [Tesseract API/Proxies/]: Loaded proxy entrypoint net.swedz.tesseract.neoforge.compat.mi.proxy.TesseractMIProxy (TesseractMILoadedProxy)
[21:41:04] [modloading-worker-0/INFO] [Tesseract API/Proxies/]: Loaded proxy entrypoint net.swedz.little_big_redstone.proxy.LBRProxy (LBRProxy)
[21:41:04] [modloading-worker-0/INFO] [Tesseract API/Proxies/]: Done proxy manager entrypoint loader
[21:41:04] [modloading-worker-0/INFO] [Tesseract API/]: Tesseract API has completed initialization!
[21:41:05] [main/FATAL] [ne.ne.fm.ModLoader/LOADING]: Failed to wait for future Mod Construction, 1 errors found
[21:41:05] [main/ERROR] [minecraft/CrashReport]: Negative index in crash report handler (0/21)
[21:41:05] [main/FATAL] [ne.ne.ne.co.NeoForgeMod/]: Preparing crash report with UUID e772808b-dc36-4edc-9672-0212c5a9ab96
[21:41:05] [main/FATAL] [ne.ne.ne.se.lo.ServerModLoader/]: Crash report saved to .\crash-reports\crash-2026-09-22_21.41.05-fml.txt
[21:41:05] [main/FATAL] [ne.ne.ne.co.NeoForgeMod/]: Preparing crash report with UUID 5278be68-539d-4579-8815-401111d3792c
[21:41:05] [main/INFO] [STDOUT/]: [net.minecraft.server.Bootstrap:realStdoutPrintln:135]: ---- Minecraft Crash Report ----

!!! Invasive Optimizations is installed! Check its section for a list of affected mods.


// My bad.

Time: 2026-09-22 21:41:05
Description: Mod loading failures have occurred; consult the issue messages for more details

net.neoforged.neoforge.logging.CrashReportExtender$ModLoadingCrashException: Mod loading has failed


A detailed walkthrough of the error, its code path and all known details is as follows:
---------------------------------------------------------------------------------------

-- Head --
Thread: main
Stacktrace:
	at MC-BOOTSTRAP/fml_loader@4.0.44/net.neoforged.fml.common.asm.RuntimeDistCleaner.processClassWithFlags(RuntimeDistCleaner.java:60) ~[loader-4.0.44.jar%23102!/:4.0] {}
-- Mod loading issue for: formations --
Details:
	Caused by 0: java.lang.BootstrapMethodError: java.lang.RuntimeException: Attempted to load class net/minecraft/client/gui/screens/Screen for invalid dist DEDICATED_SERVER
		at TRANSFORMER/formations@1.0.4/com.supermartijn642.formations.FormationsDev.initDevTools(FormationsDev.java:40) ~[formations-1.0.4-neoforge-mc1.21.jar%23759!/:?] {re:mixin,re:classloading}
		at TRANSFORMER/formations@1.0.4/com.supermartijn642.formations.Formations.<init>(Formations.java:29) ~[formations-1.0.4-neoforge-mc1.21.jar%23759!/:?] {re:mixin,re:classloading}
		at java.base/jdk.internal.reflect.DirectConstructorHandleAccessor.newInstance(DirectConstructorHandleAccessor.java:62) ~[?:?] {}
		at java.base/java.lang.reflect.Constructor.newInstanceWithCaller(Constructor.java:502) ~[?:?] {}
		at java.base/java.lang.reflect.Constructor.newInstance(Constructor.java:486) ~[?:?] {}
		at MC-BOOTSTRAP/fml_loader@4.0.44/net.neoforged.fml.javafmlmod.FMLModContainer.constructMod(FMLModContainer.java:122) ~[loader-4.0.44.jar%23102!/:4.0] {}
		at MC-BOOTSTRAP/fml_loader@4.0.44/net.neoforged.fml.ModLoader.lambda$constructMods$3(ModLoader.java:153) ~[loader-4.0.44.jar%23102!/:4.0] {}
		at MC-BOOTSTRAP/fml_loader@4.0.44/net.neoforged.fml.ModLoader.lambda$dispatchParallelTask$7(ModLoader.java:231) ~[loader-4.0.44.jar%23102!/:4.0] {}
		at java.base/java.util.concurrent.CompletableFuture.uniHandle(CompletableFuture.java:934) ~[?:?] {re:mixin}
		at java.base/java.util.concurrent.CompletableFuture$UniHandle.tryFire(CompletableFuture.java:911) ~[?:?] {}
		at java.base/java.util.concurrent.CompletableFuture$Completion.exec(CompletableFuture.java:483) ~[?:?] {}
		at java.base/java.util.concurrent.ForkJoinTask.doExec(ForkJoinTask.java:387) ~[?:?] {}
		at java.base/java.util.concurrent.ForkJoinPool$WorkQueue.topLevelExec(ForkJoinPool.java:1312) ~[?:?] {}
		at java.base/java.util.concurrent.ForkJoinPool.scan(ForkJoinPool.java:1843) ~[?:?] {re:mixin,re:computing_frames}
		at java.base/java.util.concurrent.ForkJoinPool.runWorker(ForkJoinPool.java:1808) ~[?:?] {re:mixin,re:computing_frames}
		at java.base/java.util.concurrent.ForkJoinWorkerThread.run(ForkJoinWorkerThread.java:188) ~[?:?] {re:mixin}

	Mod file: /<WORKSPACE>/runtime-m3-atm10/mods/formations-1.0.4-neoforge-mc1.21.jar
	Failure message: Formations (formations) has failed to load correctly
		java.lang.BootstrapMethodError: java.lang.RuntimeException: Attempted to load class net/minecraft/client/gui/screens/Screen for invalid dist DEDICATED_SERVER
	Mod version: 1.0.4
	Mod issues URL: https://github.com/SuperMartijn642/Formations/issues
	Exception message: java.lang.RuntimeException: Attempted to load class net/minecraft/client/gui/screens/Screen for invalid dist DEDICATED_SERVER
Stacktrace:
	at MC-BOOTSTRAP/fml_loader@4.0.44/net.neoforged.fml.common.asm.RuntimeDistCleaner.processClassWithFlags(RuntimeDistCleaner.java:60) ~[loader-4.0.44.jar:4.0] {}
	at MC-BOOTSTRAP/cpw.mods.modlauncher@11.0.5/cpw.mods.modlauncher.LaunchPluginHandler.offerClassNodeToPlugins(LaunchPluginHandler.java:94) ~[modlauncher-11.0.5.jar:?] {}
	at MC-BOOTSTRAP/cpw.mods.modlauncher@11.0.5/cpw.mods.modlauncher.ClassTransformer.transform(ClassTransformer.java:120) ~[modlauncher-11.0.5.jar:?] {}
	at MC-BOOTSTRAP/cpw.mods.modlauncher@11.0.5/cpw.mods.modlauncher.TransformingClassLoader.maybeTransformClassBytes(TransformingClassLoader.java:57) ~[modlauncher-11.0.5.jar:?] {}
	at cpw.mods.securejarhandler/cpw.mods.cl.ModuleClassLoader.readerToClass(ModuleClassLoader.java:190) ~[securejarhandler-3.0.8.jar:?] {}
	at cpw.mods.securejarhandler/cpw.mods.cl.ModuleClassLoader.lambda$findClass$20(ModuleClassLoader.java:298) ~[securejarhandler-3.0.8.jar:?] {}
	at cpw.mods.securejarhandler/cpw.mods.cl.ModuleClassLoader.loadFromModule(ModuleClassLoader.java:311) ~[securejarhandler-3.0.8.jar:?] {}
	at cpw.mods.securejarhandler/cpw.mods.cl.ModuleClassLoader.findClass(ModuleClassLoader.java:298) ~[securejarhandler-3.0.8.jar:?] {}
	at cpw.mods.securejarhandler/cpw.mods.cl.ModuleClassLoader.loadClass(ModuleClassLoader.java:214) ~[securejarhandler-3.0.8.jar:?] {}
	at java.base/java.lang.ClassLoader.loadClass(ClassLoader.java:526) ~[?:?] {}
	at TRANSFORMER/formations@1.0.4/com.supermartijn642.formations.FormationsDev.initDevTools(FormationsDev.java:40) ~[formations-1.0.4-neoforge-mc1.21.jar%23759!/:?] {re:mixin,re:classloading}
	at TRANSFORMER/formations@1.0.4/com.supermartijn642.formations.Formations.<init>(Formations.java:29) ~[formations-1.0.4-neoforge-mc1.21.jar%23759!/:?] {re:mixin,re:classloading}
	at java.base/jdk.internal.reflect.DirectConstructorHandleAccessor.newInstance(DirectConstructorHandleAccessor.java:62) ~[?:?] {}
	at java.base/java.lang.reflect.Constructor.newInstanceWithCaller(Constructor.java:502) ~[?:?] {}
	at java.base/java.lang.reflect.Constructor.newInstance(Constructor.java:486) ~[?:?] {}
	at MC-BOOTSTRAP/fml_loader@4.0.44/net.neoforged.fml.javafmlmod.FMLModContainer.constructMod(FMLModContainer.java:122) ~[loader-4.0.44.jar%23102!/:4.0] {}
	at MC-BOOTSTRAP/fml_loader@4.0.44/net.neoforged.fml.ModLoader.lambda$constructMods$3(ModLoader.java:153) ~[loader-4.0.44.jar%23102!/:4.0] {}
	at MC-BOOTSTRAP/fml_loader@4.0.44/net.neoforged.fml.ModLoader.lambda$dispatchParallelTask$7(ModLoader.java:231) ~[loader-4.0.44.jar%23102!/:4.0] {}
	at java.base/java.util.concurrent.CompletableFuture.uniHandle(CompletableFuture.java:934) ~[?:?] {re:mixin}
	at java.base/java.util.concurrent.CompletableFuture$UniHandle.tryFire(CompletableFuture.java:911) ~[?:?] {}
	at java.base/java.util.concurrent.CompletableFuture$Completion.exec(CompletableFuture.java:483) ~[?:?] {}
	at java.base/java.util.concurrent.ForkJoinTask.doExec(ForkJoinTask.java:387) ~[?:?] {}
	at java.base/java.util.concurrent.ForkJoinPool$WorkQueue.topLevelExec(ForkJoinPool.java:1312) ~[?:?] {}
	at java.base/java.util.concurrent.ForkJoinPool.scan(ForkJoinPool.java:1843) ~[?:?] {re:mixin,re:computing_frames}
	at java.base/java.util.concurrent.ForkJoinPool.runWorker(ForkJoinPool.java:1808) ~[?:?] {re:mixin,re:computing_frames}
	at java.base/java.util.concurrent.ForkJoinWorkerThread.run(ForkJoinWorkerThread.java:188) ~[?:?] {re:mixin}


-- System Details --
Details:
	Minecraft Version: 1.21.1
	Minecraft Version ID: 1.21.1
	Operating System: Windows 11 (amd64) version 10.0
	Java Version: 21.0.7, Microsoft
	Java VM Version: OpenJDK 64-Bit Server VM (mixed mode), Microsoft
	Memory: 373401312 bytes (356 MiB) / 2011168768 bytes (1918 MiB) up to 4294967296 bytes (4096 MiB)
	CPUs: 8
	Processor Vendor: GenuineIntel
	Processor Name: Intel(R) Core(TM) i5-9300H CPU @ 2.40GHz
	Identifier: Intel64 Family 6 Model 158 Stepping 10
	Microarchitecture: Coffee Lake
	Frequency (GHz): 2.40
	Number of physical packages: 1
	Number of physical CPUs: 4
	Number of logical CPUs: 8
	Graphics card #0 name: Intel(R) UHD Graphics 630
	Graphics card #0 vendor: Intel Corporation
	Graphics card #0 VRAM (MiB): 1024.00
	Graphics card #0 deviceId: VideoController1
	Graphics card #0 versionInfo: 26.20.100.6911
	Graphics card #1 name: NVIDIA GeForce RTX 2060
	Graphics card #1 vendor: NVIDIA
	Graphics card #1 VRAM (MiB): 6144.00
	Graphics card #1 deviceId: VideoController2
	Graphics card #1 versionInfo: 32.0.16.1047
	Memory slot #0 capacity (MiB): 8192.00
	Memory slot #0 clockSpeed (GHz): 2.67
	Memory slot #0 type: DDR4
	Memory slot #1 capacity (MiB): 8192.00
	Memory slot #1 clockSpeed (GHz): 2.67
	Memory slot #1 type: DDR4
	Virtual memory max (MiB): 33629.05
	Virtual memory used (MiB): 20232.18
	Swap memory total (MiB): 17408.00
	Swap memory used (MiB): 1095.34
	Space in storage for jna.tmpdir (MiB): <path not set>
	Space in storage for org.lwjgl.system.SharedLibraryExtractPath (MiB): <path not set>
	Space in storage for io.netty.native.workdir (MiB): <path not set>
	Space in storage for java.io.tmpdir (MiB): available: 19123.85, total: 243049.00
	Space in storage for workdir (MiB): available: 19123.85, total: 243049.00
	JVM Flags: 2 total; -Xms512m -Xmx4G
	Invasive Optimizations: 
=========================
Invasive Optimizations is installed!
If the crash relates to one of the affected mods and you are unable to reproduce it with Invasive Optimizations disabled,
Report the crash to Invasive Optimizations here: https://github.com/Vonr/invasiveopts/issues
No mods are affected by Invasive Optimizations with the current config.
=========================

	ModLauncher: 11.0.5+main.901c6ea8
	ModLauncher launch target: forgeserverdev
	ModLauncher services: 
		sponge-mixin-0.15.2+mixin.0.8.7.jar mixin PLUGINSERVICE 
		loader-4.0.44.jar slf4jfixer PLUGINSERVICE 
		loader-4.0.44.jar runtime_enum_extender PLUGINSERVICE 
		at-modlauncher-10.0.1.jar accesstransformer PLUGINSERVICE 
		loader-4.0.44.jar runtimedistcleaner PLUGINSERVICE 
		modlauncher-11.0.5.jar mixin TRANSFORMATIONSERVICE 
		modlauncher-11.0.5.jar fml TRANSFORMATIONSERVICE 
		modlauncher-11.0.5.jar crash_assistant TRANSFORMATIONSERVICE 
	FML Language Providers: 
		kotori_scala@3.7.1-build-11
		kotlinforforge@5.12.0
		javafml@4.0
		lowcodefml@4.0
		minecraft@4.0
	Mod List: 
		accelerated-decay-neoforge-21.0.0.jar             |Accelerated Decay             |accelerateddecay              |21.0.0              |Manifest: NOSIGNATURE
		accessories-neoforge-1.1.0-beta.48+1.21.1.jar     |Accessories                   |accessories                   |1.1.0-beta.48+1.21.1|Manifest: NOSIGNATURE
		actuallyadditions-1.3.26+mc1.21.1.jar             |Actually Additions            |actuallyadditions             |1.3.26              |Manifest: NOSIGNATURE
		adastra-1.21.1-1.16.26-neoforge.jar               |Ad Astra                      |ad_astra                      |1.16.26             |Manifest: NOSIGNATURE
		Ad-Astra-Giselle-Addon-neoforge-1.21.1-8.4.jar    |Ad Astra: Giselle Addon       |ad_astra_giselle_addon        |8.4                 |Manifest: NOSIGNATURE
		AdditionalEntityAttributes-2.0.0+1.21.1-neoforge.j|Additional Entity Attributes  |additionalentityattributes    |2.0.0+1.21.1        |Manifest: NOSIGNATURE
		additional_lights-neoforge-1.21-2.1.10.jar        |Additional Lights             |additional_lights             |2.1.10              |Manifest: NOSIGNATURE
		AdvancedAE-1.6.12-1.21.1.jar                      |Advanced AE                   |advanced_ae                   |1.6.12-1.21.1       |Manifest: NOSIGNATURE
		AdvancedPeripherals-1.21.1-0.8.1a.jar             |Advanced Peripherals          |advancedperipherals           |1.21.1-0.8.1a       |Manifest: NOSIGNATURE
		ae2importexportcard-1.21.1-1.9.0.jar              |AE2 Import Export Card        |ae2importexportcard           |1.21.1-1.9.0        |Manifest: NOSIGNATURE
		ae2jeiintegration-1.2.1.jar                       |AE2 JEI Integration           |ae2jeiintegration             |1.2.1               |Manifest: NOSIGNATURE
		ae2ct-1.21.1-1.1.1.jar                            |AE2:Crafting Tree             |ae2ct                         |1.21.1-1.1.1        |Manifest: NOSIGNATURE
		ae2addonlib-1.0.3-1.21.1.jar                      |AE2AddonLib                   |ae2addonlib                   |1.0.3-1.21.1        |Manifest: NOSIGNATURE
		AE2NetworkAnalyzer-1.21-2.1.5-neoforge.jar        |AE2NetworkAnalyzer            |ae2netanalyser                |1.21-2.1.5-neoforge |Manifest: NOSIGNATURE
		ae2wtlib-19.5.1.jar                               |AE2WTLib                      |ae2wtlib                      |19.5.1              |Manifest: NOSIGNATURE
		de.mari_023.ae2wtlib_api-19.5.1.jar               |AE2WTLib API                  |ae2wtlib_api                  |19.5.1              |Manifest: NOSIGNATURE
		aeinfinitybooster-neoforge-1.21.1-1.0.0.58.jar    |AEInfinityBooster             |aeinfinitybooster             |1.21.1-1.0.0.58     |Manifest: NOSIGNATURE
		AI-Improvements-1.21-0.5.3.jar                    |AI-Improvements               |aiimprovements                |0.5.3               |Manifest: NOSIGNATURE
		AkashicTome-1.8-30.jar                            |Akashic Tome                  |akashictome                   |1.8-30              |Manifest: NOSIGNATURE
		allthearcanistgear-1.21.1-21.3.2.jar              |All The Arcanist Gear         |allthearcanistgear            |1.21.1-21.3.2       |Manifest: NOSIGNATURE
		alltheleaks-1.1.13+1.21.1-neoforge.jar            |All The Leaks                 |alltheleaks                   |1.1.13+1.21.1-neofor|Manifest: NOSIGNATURE
		allthewizardgear-1.21.1-1.2.0.jar                 |All the Wizard Gear           |allthewizardgear              |1.21.1-1.2.0        |Manifest: NOSIGNATURE
		allthecompressed-1.21.1-4.4.0.jar                 |AllTheCompressed              |allthecompressed              |4.4.0               |Manifest: NOSIGNATURE
		allthemodium-3.0.1_mc_1.21.1.jar                  |Allthemodium                  |allthemodium                  |3.0.1               |Manifest: NOSIGNATURE
		alltheores-3.2.0_neoforge_1.21.1.jar              |AllTheOres                    |alltheores                    |3.2.0               |Manifest: NOSIGNATURE
		allthetweaks-1.21.1-2.10.0.jar                    |AllTheTweaks                  |allthetweaks                  |2.10.0              |Manifest: NOSIGNATURE
		almostunified-neoforge-1.21.1-1.4.2.jar           |AlmostUnified                 |almostunified                 |1.21.1-1.4.2        |Manifest: NOSIGNATURE
		amendments-1.21-2.1.10-neoforge.jar               |Amendments                    |amendments                    |1.21-2.1.10         |Manifest: NOSIGNATURE
		apollib-1.2.0-neoforge-21.1.jar                   |Apollib                       |apollib                       |1.2.0               |Manifest: NOSIGNATURE
		Apotheosis-1.21.1-8.8.0.jar                       |Apotheosis                    |apotheosis                    |8.8.0               |Manifest: NOSIGNATURE
		ApothicAttributes-1.21.1-2.10.1.jar               |Apothic Attributes            |apothic_attributes            |2.10.1              |Manifest: NOSIGNATURE
		ApothicEnchanting-1.21.1-1.6.2.jar                |Apothic Enchanting            |apothic_enchanting            |1.6.2               |Manifest: NOSIGNATURE
		ApothicSpawners-1.21.1-1.4.0.jar                  |Apothic Spawners              |apothic_spawners              |1.4.0               |Manifest: NOSIGNATURE
		appleskin-neoforge-mc1.21-3.0.9.jar               |AppleSkin                     |appleskin                     |3.0.9+mc1.21        |Manifest: NOSIGNATURE
		appliedenergistics2-19.2.17.jar                   |Applied Energistics 2         |ae2                           |19.2.17             |Manifest: NOSIGNATURE
		Applied-Mekanistics-1.6.3.jar                     |Applied Mekanistics           |appmek                        |1.6.3               |Manifest: NOSIGNATURE
		AppliedFlux-1.21-2.1.5-neoforge.jar               |AppliedFlux                   |appflux                       |1.21-2.1.5-neoforge |Manifest: NOSIGNATURE
		Aquaculture-1.21.1-2.7.21.jar                     |Aquaculture 2                 |aquaculture                   |2.7.21              |Manifest: NOSIGNATURE
		architectury-13.0.11-neoforge.jar                 |Architectury                  |architectury                  |13.0.11             |Manifest: NOSIGNATURE
		ars_additions-1.21.1-21.3.0.jar                   |Ars Additions                 |ars_additions                 |1.21.1-21.3.0       |Manifest: NOSIGNATURE
		ars_controle-1.21.1-1.6.16.jar                    |Ars Controle                  |ars_controle                  |1.21.1-1.6.16       |Manifest: NOSIGNATURE
		ars_creo-1.21.1-5.4.0.jar                         |Ars Creo                      |ars_creo                      |5.4.0               |Manifest: NOSIGNATURE
		ars_elemancy-1.21.1-1.18.3.jar                    |Ars Elemancy                  |ars_elemancy                  |1.18.3              |Manifest: NOSIGNATURE
		ars_elemental-1.21.1-0.7.10.1.jar                 |Ars Elemental                 |ars_elemental                 |0.7.10.1            |Manifest: NOSIGNATURE
		ars_nouveau-1.21.1-5.13.1.jar                     |Ars Nouveau                   |ars_nouveau                   |5.13.1              |Manifest: NOSIGNATURE
		ars_ocultas-1.21.1-2.6.1.jar                      |Ars Ocultas                   |ars_ocultas                   |2.6.1               |Manifest: NOSIGNATURE
		ars_polymorphia-1.0.3.jar                         |Ars Polymorphia               |ars_polymorphia               |1.0.3               |Manifest: NOSIGNATURE
		ars_technica-1.21.1-2.7.6.jar                     |Ars Technica                  |ars_technica                  |2.7.6               |Manifest: NOSIGNATURE
		ars_unification-1.2.21.jar                        |Ars Unification               |ars_unification               |1.2.21              |Manifest: NOSIGNATURE
		arseng-2.1.1-beta.jar                             |Ars Énergistique              |arseng                        |2.1.1-beta          |Manifest: NOSIGNATURE
		artifacts-neoforge-13.2.3.jar                     |Artifacts                     |artifacts                     |13.2.3              |Manifest: NOSIGNATURE
		athena-neoforge-1.21.1-4.0.6.jar                  |Athena                        |athena                        |4.0.6               |Manifest: NOSIGNATURE
		atlas_api-1.21.1-1.2.0.jar                        |Atlas API                     |atlas_api                     |1.21.1-1.2.0        |Manifest: NOSIGNATURE
		main                                              |ATM Companion                 |atm_companion                 |0.3.0               |Manifest: NOSIGNATURE
		packtest                                          |ATM Companion Optional Pack Sm|atm_companion_packtests       |0.3.0               |Manifest: NOSIGNATURE
		attributefix-neoforge-1.21.1-21.1.3.jar           |AttributeFix                  |attributefix                  |21.1.3              |Manifest: NOSIGNATURE
		auroral-1.21.1-1.1.2.jar                          |Auroral                       |auroral                       |1.21.1-1.1.2        |Manifest: NOSIGNATURE
		bwncr-neoforge-1.21.1-3.20.4.jar                  |Bad Wither No Cookie Reloaded |bwncr                         |3.20.4              |Manifest: NOSIGNATURE
		balm-neoforge-1.21.1-21.0.65.jar                  |Balm                          |balm                          |21.0.65             |Manifest: NOSIGNATURE
		baubley-heart-canisters-1.21.1-1.4.2.jar          |Baubley Heart Canisters       |bhc                           |1.21.1-1.4.2        |Manifest: NOSIGNATURE
		better-advanced-tooltips-2101.1.0-build.5.jar     |Better Advanced Tooltips      |betteradvancedtooltips        |2101.1.0-build.5    |Manifest: NOSIGNATURE
		better-compatability-checker-neoforge-21.1.8.jar  |Better Compatibility Checker  |bcc                           |21.1.8              |Manifest: NOSIGNATURE
		bibliobiomes-1.21.1-1.6.1.jar                     |Bibliobiomes Legacy           |bibliobiomes                  |1.6.1               |Manifest: NOSIGNATURE
		bibliocraft-1.21.1-1.6.5.jar                      |Bibliocraft Legacy            |bibliocraft                   |1.6.5               |Manifest: NOSIGNATURE
		bibliowoods-1.21.1-1.6.2.jar                      |Bibliowoods Legacy            |bibliowoods                   |1.6.2               |Manifest: NOSIGNATURE
		blueflame-1.21.1-1.1.1.jar                        |Blue Flame Burning            |blueflame                     |1.21.1-1.1.1        |Manifest: NOSIGNATURE
		bookshelf-neoforge-1.21.1-21.1.81.jar             |Bookshelf                     |bookshelf                     |21.1.81             |Manifest: NOSIGNATURE
		borderless-neoforge-1.21.1-1.7.5_1-all.jar        |Borderless Window             |borderlesswindow              |1.21.1-1.7.5_1      |Manifest: NOSIGNATURE
		botanypots-neoforge-1.21.1-21.1.44.jar            |BotanyPots                    |botanypots                    |21.1.44             |Manifest: NOSIGNATURE
		botanypotsmystical-neoforge-1.21.1-21.1.12.jar    |BotanyPots-Mystical           |botanypotsmystical            |21.1.12             |Manifest: NOSIGNATURE
		botanytrees-neoforge-1.21.1-21.1.7.jar            |BotanyTrees                   |botanytrees                   |21.1.7              |Manifest: NOSIGNATURE
		BrandonsCore-1.21.1-3.2.1.309.jar                 |Brandon's Core                |brandonscore                  |3.2.1.309           |Manifest: 53:bb:a0:11:bd:61:e2:1a:e2:cb:fd:f8:4f:e4:cd:a5:cc:12:f4:43:f0:78:68:3b:e1:62:c6:78:3b:27:ff:fe
		BridgingMod-2.6.2+1.21.1.neoforge-release.jar     |Bridging Mod                  |bridgingmod                   |2.6.2+1.21.1        |Manifest: NOSIGNATURE
		buildinggadgets2-1.3.9.jar                        |Building Gadgets 2            |buildinggadgets2              |1.3.9               |Manifest: NOSIGNATURE
		Byzantine-1.21.1-51.jar                           |Byzantine                     |byzantine                     |51                  |Manifest: NOSIGNATURE
		cabletiers-neoforge-1.21.1-0.6.14.jar             |Cable Tiers                   |cabletiers                    |1.21.1-0.6.14       |Manifest: NOSIGNATURE
		caelus-neoforge-7.0.1+1.21.1.jar                  |Caelus API                    |caelus                        |7.0.1+1.21.1        |Manifest: NOSIGNATURE
		camol-1.21.1-0.3.1.jar                            |Camol                         |camol                         |1.21.1-0.3.1        |Manifest: NOSIGNATURE
		catjammies-1.21-1.7.1.jar                         |CatJammies                    |catjammies                    |1.21-1.7.1          |Manifest: NOSIGNATURE
		cc-tweaked-1.21.1-forge-1.120.2.jar               |CC: Tweaked                   |computercraft                 |1.120.2             |Manifest: NOSIGNATURE
		charginggadgets-1.14.1.jar                        |Charging Gadgets              |charginggadgets               |1.14.1              |Manifest: NOSIGNATURE
		chipped-neoforge-1.21.1-4.0.2.jar                 |Chipped                       |chipped                       |4.0.2               |Manifest: NOSIGNATURE
		chisel-neoforge-2.0.1+mc1.21.1.jar                |Chisel Reborn                 |chisel                        |2.0.1+mc1.21.1      |Manifest: NOSIGNATURE
		[Neoforge]ctov-3.6.3.jar                          |ChoiceTheorem's Overhauled Vil|ctov                          |3.6.3               |Manifest: NOSIGNATURE
		chromacarvings-1.21.1-0.2.0.jar                   |Chroma Carvings               |chromacarvings                |1.21.1-0.2.0        |Manifest: NOSIGNATURE
		cleanswing-1.10-1.21.jar                          |Clean Swing                   |cleanswing                    |1.10                |Manifest: NOSIGNATURE
		cloth-config-15.0.140-neoforge.jar                |Cloth Config v15 API          |cloth_config                  |15.0.140            |Manifest: NOSIGNATURE
		CloudGlass-1.21.1-1.0.2.jar                       |Cloud Glass                   |cloudglass                    |1.0.2               |Manifest: NOSIGNATURE
		Clumps-neoforge-1.21.1-19.0.0.1.jar               |Clumps                        |clumps                        |19.0.0.1            |Manifest: NOSIGNATURE
		cobblegengalore-1.21.1-0.2.9.jar                  |Cobblegen Galore              |cobblegengalore               |1.21.1-0.2.9        |Manifest: NOSIGNATURE
		cobweb-neoforge-1.21-1.4.0.jar                    |Cobweb                        |cobweb                        |1.4.0               |Manifest: NOSIGNATURE
		CodeChickenLib-1.21.1-4.6.1.529.jar               |CodeChicken Lib               |codechickenlib                |4.6.1.529           |Manifest: 31:e6:db:63:47:4a:6e:e0:0a:2c:11:d1:76:db:4e:82:ff:56:2d:29:93:d2:e5:02:bd:d3:bd:9d:27:47:a5:71
		codecui-neoforge-1.21.1-1.4.5.jar                 |CodecUI                       |codecui                       |1.21.1-1.4.5        |Manifest: NOSIGNATURE
		comforts-neoforge-9.0.5+1.21.1.jar                |Comforts                      |comforts                      |9.0.5+1.21.1        |Manifest: NOSIGNATURE
		common-networking-neoforge-1.0.21-1.21.1.jar      |Common Networking             |commonnetworking              |1.0.21-1.21.1       |Manifest: NOSIGNATURE
		common-storage-lib-neoforge-1.21.1-0.0.10.jar     |Common Storage Lib: Core      |common_storage_lib            |0.0.10              |Manifest: NOSIGNATURE
		common-storage-lib-data-neoforge-1.21.1-0.0.7.jar |Common Storage Lib: Data      |common_storage_lib_data       |0.0.7               |Manifest: NOSIGNATURE
		common-storage-lib-lookup-neoforge-1.21.1-0.0.10.j|Common Storage Lib: Lookup    |common_storage_lib_lookup     |0.0.10              |Manifest: NOSIGNATURE
		common-storage-lib-resources-neoforge-1.21.1-0.0.1|Common Storage Lib: Resources |common_storage_lib_resources  |0.0.10              |Manifest: NOSIGNATURE
		commoncapabilities-1.21.1-neoforge-2.11.6.jar     |CommonCapabilities            |commoncapabilities            |2.11.6              |Manifest: NOSIGNATURE
		compactmachines-neoforge-7.0.81.jar               |Compact Machines              |compactmachines               |7.0.81              |Manifest: NOSIGNATURE
		conditional-mixin-neoforge-0.6.4.jar              |conditional mixin             |conditional_mixin             |0.6.4               |Manifest: NOSIGNATURE
		connectedglass-1.1.14-neoforge-mc1.21.jar         |Connected Glass               |connectedglass                |1.1.14              |Manifest: NOSIGNATURE
		CTM-1.21-1.2.1+3.jar                              |ConnectedTexturesMod          |ctm                           |1.21-1.2.1+3        |Manifest: NOSIGNATURE
		connectivity-1.21.1-7.6.jar                       |Connectivity Mod              |connectivity                  |7.6                 |Manifest: NOSIGNATURE
		ConstructionSticks-1.21.1-1.5.0.jar               |Construction Sticks           |constructionstick             |1.5.0               |Manifest: NOSIGNATURE
		Controlling-neoforge-1.21.1-19.0.5.jar            |Controlling                   |controlling                   |19.0.5              |Manifest: NOSIGNATURE
		cookingforblockheads-neoforge-1.21.1-21.1.24.jar  |Cooking for Blockheads        |cookingforblockheads          |21.1.24             |Manifest: NOSIGNATURE
		tombstone-neoforge-1.21.1-9.5.6.jar               |Corail Tombstone              |tombstone                     |9.5.6               |Manifest: NOSIGNATURE
		Corgilib-NeoForge-1.21.1-5.0.0.9.jar              |CorgiLib                      |corgilib                      |5.0.0.9             |Manifest: NOSIGNATURE
		cosmeticarmorreworked-1.21.1-v1-neoforge.jar      |CosmeticArmorReworked         |cosmeticarmorreworked         |1.21.1-v1-neoforge  |Manifest: 5e:ed:25:99:e4:44:14:c0:dd:89:c1:a9:4c:10:b5:0d:e4:b1:52:50:45:82:13:d8:d0:32:89:67:56:57:01:53
		crafting_on_a_stick-1.21.0.6.jar                  |Crafting On A Stick           |crafting_on_a_stick           |1.21.0.6            |Manifest: NOSIGNATURE
		craftingtweaks-neoforge-1.21.1-21.1.11.jar        |Crafting Tweaks               |craftingtweaks                |21.1.11             |Manifest: NOSIGNATURE
		crash_assistant-neoforge.jar                      |Crash Assistant               |crash_assistant               |1.11.12             |Manifest: NOSIGNATURE
		crashutilities-9.0.4.jar                          |Crash Utilities               |crashutilities                |9.0.4               |Manifest: NOSIGNATURE
		create-1.21.1-6.0.10.jar                          |Create                        |create                        |6.0.10              |Manifest: NOSIGNATURE
		create_aquatic_ambitions-1.21.1-2.0.4.jar         |Create Aquatic Ambitions      |create_aquatic_ambitions      |2.0.4               |Manifest: NOSIGNATURE
		createaddition-1.7.1.jar                          |Create Crafts & Additions     |createaddition                |1.7.1               |Manifest: NOSIGNATURE
		create_hypertube-0.6.0-NEOFORGE.jar               |Create Hypertube              |create_hypertube              |0.6.0               |Manifest: NOSIGNATURE
		bellsandwhistles-0.4.7-1.21.1.jar                 |Create: Bells & Whistles      |bellsandwhistles              |0.4.7-1.21.1        |Manifest: NOSIGNATURE
		copycats-3.0.9+mc.1.21.1-neoforge.jar             |Create: Copycats+             |copycats                      |3.0.9+mc.1.21.1-neof|Manifest: NOSIGNATURE
		CreateDragonsPlus-1.11.9.jar                      |Create: Dragons Plus          |create_dragons_plus           |1.11.9              |Manifest: NOSIGNATURE
		create-enchantment-industry-2.5.4.jar             |Create: Enchantment Industry  |create_enchantment_industry   |2.5.4               |Manifest: NOSIGNATURE
		CreeperOverhaul-neoforge-1.21.1-4.0.6.jar         |Creeper Overhaul              |creeperoverhaul               |4.0.6               |Manifest: NOSIGNATURE
		cristellib-neoforge-1.21.1-3.1.7.jar              |Cristel Lib                   |cristellib                    |3.1.7               |Manifest: NOSIGNATURE
		cryonicconfig-neoforge-1.0.0+mc1.21.11.jar        |Cryonic Config                |cryonicconfig                 |1.0.0+mc1.21.11     |Manifest: NOSIGNATURE
		crystalix-3.0.1.jar                               |Crystalix                     |crystalix                     |3.0.1               |Manifest: NOSIGNATURE
		Cucumber-1.21.1-8.0.16.jar                        |Cucumber Library              |cucumber                      |8.0.16              |Manifest: NOSIGNATURE
		cumulus_menus-1.21.1-2.0.7-neoforge.jar           |Cumulus                       |cumulus_menus                 |2.0.7               |Manifest: NOSIGNATURE
		cupboard-1.21.1-4.2.jar                           |Cupboard mod                  |cupboard                      |4.2                 |Manifest: NOSIGNATURE
		curios-neoforge-9.5.1+1.21.1.jar                  |Curios API                    |curios                        |9.5.1+1.21.1        |Manifest: NOSIGNATURE
		cyclopscore-1.21.1-neoforge-1.30.0.jar            |Cyclops Core                  |cyclopscore                   |1.30.0              |Manifest: NOSIGNATURE
		deeperdarker-neoforge-1.21.1-1.4.1.jar            |Deeper and Darker             |deeperdarker                  |1.4.1               |Manifest: NOSIGNATURE
		deimos-1.21.1-neoforge-2.7.jar                    |Deimos                        |deimos                        |2.7                 |Manifest: NOSIGNATURE
		DimStorage-1.21.1-9.1.1.jar                       |DimStorage                    |dimstorage                    |9.1.1               |Manifest: NOSIGNATURE
		disenchanting_table-merged-1.21.1-5.0.2.jar       |Dis-Enchanting Table          |disenchanting_table           |5.0.2               |Manifest: NOSIGNATURE
		domum-ornamentum-1.0.236-snapshot-main.jar        |Domum Ornamentum              |domum_ornamentum              |1.0.236-snapshot    |Manifest: NOSIGNATURE
		Draconic-Evolution-1.21.1-3.1.4.633.jar           |Draconic Evolution            |draconicevolution             |3.1.4.633           |Manifest: 53:bb:a0:11:bd:61:e2:1a:e2:cb:fd:f8:4f:e4:cd:a5:cc:12:f4:43:f0:78:68:3b:e1:62:c6:78:3b:27:ff:fe
		DungeonCrawl-NeoForge-1.21-2.3.17.jar             |Dungeon Crawl                 |dungeoncrawl                  |2.3.17              |Manifest: NOSIGNATURE
		dyenamics-1.21.1-3.4.2.jar                        |Dyenamics                     |dyenamics                     |1.21.1-3.4.2        |Manifest: NOSIGNATURE
		dyenamicsandfriends-1.21.1-2.2.2.jar              |Dyenamics and Friends         |dyenamicsandfriends           |1.21.1-2.2.2        |Manifest: NOSIGNATURE
		dysoncubeproject-1.0.5.jar                        |Dyson Cube Project            |dysoncubeproject              |1.0.5               |Manifest: NOSIGNATURE
		easy-villagers-neoforge-1.21.1-1.1.42.jar         |Easy Villagers                |easy_villagers                |1.21.1-1.1.42       |Manifest: NOSIGNATURE
		EdivadLib-1.21-3.0.0.jar                          |EdivadLib                     |edivadlib                     |3.0.0               |Manifest: NOSIGNATURE
		elevatorid-neoforge-1.21.1-1.11.4.jar             |ElevatorMod                   |elevatorid                    |1.21.1-1.11.4       |Manifest: NOSIGNATURE
		enchdesc-neoforge-1.21.1-21.1.11.jar              |EnchantmentDescriptions       |enchdesc                      |21.1.11             |Manifest: NOSIGNATURE
		com.enderio.endercore-8.2.12-beta.jar             |Ender Core                    |endercore                     |8.2.12-beta         |Manifest: NOSIGNATURE
		enderdrives-neoforge-1.21.1-1.5.23.jar            |Ender Drives                  |enderdrives                   |1.5.23              |Manifest: NOSIGNATURE
		enderio-8.2.12-beta.jar                           |Ender IO                      |enderio                       |8.2.12-beta         |Manifest: NOSIGNATURE
		com.enderio.enderio-modded-conduits-8.2.12-beta.ja|Ender IO - Modded Conduits    |enderio_modded_conduits       |8.2.12-beta         |Manifest: NOSIGNATURE
		endermanoverhaul-neoforge-1.21.1-2.0.3.jar        |Enderman Overhaul             |endermanoverhaul              |2.0.3               |Manifest: NOSIGNATURE
		EnderStorage-1.21.1-2.13.0.191.jar                |EnderStorage                  |enderstorage                  |2.13.0.191          |Manifest: 31:e6:db:63:47:4a:6e:e0:0a:2c:11:d1:76:db:4e:82:ff:56:2d:29:93:d2:e5:02:bd:d3:bd:9d:27:47:a5:71
		energymeter-neoforge-1.21.1-0.5.2.jar             |Energy Meter                  |energymeter                   |1.21.1-0.5.2        |Manifest: NOSIGNATURE
		entangled-1.3.21-neoforge-mc1.21.jar              |Entangled                     |entangled                     |1.3.21              |Manifest: NOSIGNATURE
		eternalstarlight-0.9.1+1.21.1+neoforge.jar        |Eternal Starlight             |eternal_starlight             |0.9.1+1.21.1+neoforg|Manifest: NOSIGNATURE
		everythingcopper-1.21.1-2.4.5.jar                 |Everything is Copper          |everythingcopper              |1.21.1-2.4.5        |Manifest: NOSIGNATURE
		evilcraft-1.21.1-neoforge-1.2.96-1106.jar         |EvilCraft                     |evilcraft                     |1.2.96              |Manifest: NOSIGNATURE
		expandability-neoforge-12.0.0.jar                 |ExpandAbility                 |expandability                 |12.0.0              |Manifest: NOSIGNATURE
		expandedae-2.1.3.jar                              |Expanded AE                   |expandedae                    |2.1.3               |Manifest: NOSIGNATURE
		experiencelib-1.21.1-1.2.1.jar                    |ExperienceLib                 |experiencelib                 |1.2.1               |Manifest: NOSIGNATURE
		ExplorersCompass-1.21.1-3.4.0-neoforge.jar        |Explorer's Compass            |explorerscompass              |1.21.1-3.4.0-neoforg|Manifest: NOSIGNATURE
		Explorify v1.6.5.mod.jar                          |Explorify                     |explorify                     |1.6.5               |Manifest: NOSIGNATURE
		extended-industrialization-1.16.2-1.21.1.jar      |Extended Industrialization    |extended_industrialization    |1.16.2-1.21.1       |Manifest: NOSIGNATURE
		ExtendedAE-1.21-2.2.38-neoforge.jar               |ExtendedAE                    |extendedae                    |1.21-2.2.38-neoforge|Manifest: NOSIGNATURE
		ExtraDisks-1.21.1-4.0.15.jar                      |Extra Disks                   |extradisks                    |1.21.1-4.0.15       |Manifest: NOSIGNATURE
		ExtraStorage-1.21.1-5.0.10.jar                    |ExtraStorage                  |extrastorage                  |5.0.10              |Manifest: NOSIGNATURE
		ExtremeReactors2-1.21.1-2.4.28.jar                |Extreme Reactors              |bigreactors                   |1.21.1-2.4.28       |Manifest: NOSIGNATURE
		factory_blocks-neoforge-1.4.0+mc1.21.1.jar        |Factory Blocks                |factory_blocks                |1.4.0+mc1.21.1      |Manifest: NOSIGNATURE
		FarmersDelight-1.21.1-1.3.4.jar                   |Farmer's Delight              |farmersdelight                |1.3.4               |Manifest: NOSIGNATURE
		farmingforblockheads-neoforge-1.21.1-21.1.13.jar  |Farming for Blockheads        |farmingforblockheads          |21.1.13             |Manifest: NOSIGNATURE
		FastSuite-1.21.1-6.0.7.jar                        |Fast Suite                    |fastsuite                     |6.0.7               |Manifest: NOSIGNATURE
		FastWorkbench-1.21.1-9.1.3.jar                    |Fast Workbench                |fastbench                     |9.1.3               |Manifest: NOSIGNATURE
		FastFurnace-1.21.1-9.0.1.jar                      |FastFurnace                   |fastfurnace                   |9.0.1               |Manifest: NOSIGNATURE
		ferritecore-7.0.3-neoforge.jar                    |Ferrite Core                  |ferritecore                   |7.0.3               |Manifest: 41:ce:50:66:d1:a0:05:ce:a1:0e:02:85:9b:46:64:e0:bf:2e:cf:60:30:9a:fe:0c:27:e0:63:66:9a:84:ce:8a
		fireproofboats-1.21.1-1.0.4.jar                   |Fireproof Boats               |fireproofboats                |1.21.1-1.0.4        |Manifest: NOSIGNATURE
		flickerfix-1.21.1-6.1.0.jar                       |FlickerFix                    |flickerfix                    |6.1.0               |Manifest: NOSIGNATURE
		FluxNetworks-1.21.1-8.0.0.jar                     |Flux Networks                 |fluxnetworks                  |8.0.0               |Manifest: NOSIGNATURE
		flywheel-neoforge-1.21.1-1.0.6.jar                |Flywheel                      |flywheel                      |1.0.6               |Manifest: NOSIGNATURE
		forbidden_arcanus-2.6.1.jar                       |Forbidden Arcanus             |forbidden_arcanus             |2.6.1               |Manifest: NOSIGNATURE
		fabric-api-base-0.4.42+d1308dedd1.jar             |Forgified Fabric API Base     |fabric_api_base               |0.4.42+d1308dedd1   |Manifest: NOSIGNATURE
		formations-1.0.4-neoforge-mc1.21.jar              |Formations                    |formations                    |1.0.4               |Manifest: NOSIGNATURE
		formationsnether-1.0.5b-mc1.21+.jar               |Formations Nether             |formationsnether              |1.0.5+b             |Manifest: NOSIGNATURE
		formationsoverworld-1.0.5c-mc1.21+.jar            |Formations Overworld          |formationsoverworld           |1.0.5+c             |Manifest: NOSIGNATURE
		FramedBlocks-10.6.2.jar                           |FramedBlocks                  |framedblocks                  |10.6.2              |Manifest: NOSIGNATURE
		framework-neoforge-1.21.1-0.13.11.jar             |Framework                     |framework                     |0.13.11             |Manifest: NOSIGNATURE
		ftb-chunks-neoforge-2101.1.22.jar                 |FTB Chunks                    |ftbchunks                     |2101.1.22           |Manifest: NOSIGNATURE
		ftb-essentials-neoforge-2101.1.10.jar             |FTB Essentials                |ftbessentials                 |2101.1.10           |Manifest: NOSIGNATURE
		ftb-filter-system-neoforge-21.1.4.jar             |FTB Filter System             |ftbfiltersystem               |21.1.4              |Manifest: NOSIGNATURE
		ftb-jei-extras-21.1.7.jar                         |FTB Jei Extras                |ftbjeiextras                  |21.1.7              |Manifest: NOSIGNATURE
		ftb-library-neoforge-2101.1.36.jar                |FTB Library                   |ftblibrary                    |2101.1.36           |Manifest: NOSIGNATURE
		ftb-quests-neoforge-2101.1.36.jar                 |FTB Quests                    |ftbquests                     |2101.1.36           |Manifest: NOSIGNATURE
		ftbquestslangsplitter-1.0.7.jar                   |FTB Quests Lang Splitter      |ftbquestslangsplitter         |1.0.7               |Manifest: NOSIGNATURE
		ftb-ranks-neoforge-2101.1.5.jar                   |FTB Ranks                     |ftbranks                      |2101.1.5            |Manifest: NOSIGNATURE
		ftb-teams-neoforge-2101.1.11.jar                  |FTB Teams                     |ftbteams                      |2101.1.11           |Manifest: NOSIGNATURE
		ftb-ultimine-neoforge-2101.1.15.jar               |FTB Ultimine                  |ftbultimine                   |2101.1.15           |Manifest: NOSIGNATURE
		ftb-xmod-compat-neoforge-21.1.12.jar              |FTB XMod Compat               |ftbxmodcompat                 |21.1.12             |Manifest: NOSIGNATURE
		fuelgoeshere-1.21.1-1.2.0.jar                     |Fuel Goes Here                |fuelgoeshere                  |1.21.1-1.2.0        |Manifest: NOSIGNATURE
		functionalstorage-1.21.1-1.5.8.jar                |Functional Storage            |functionalstorage             |1.21.1-1.5.8        |Manifest: NOSIGNATURE
		fusion-1.3.15b-neoforge-mc1.21.1.jar              |Fusion                        |fusion                        |1.3.15+b            |Manifest: NOSIGNATURE
		fzzy_config-0.7.7+1.21+neoforge.jar               |Fzzy Config                   |fzzy_config                   |0.7.7+1.21+neoforge |Manifest: NOSIGNATURE
		GatewaysToEternity-1.21.1-5.1.0.jar               |Gateways To Eternity          |gateways                      |5.1.0               |Manifest: NOSIGNATURE
		geckolib-neoforge-1.21.1-4.9.3.jar                |GeckoLib 4                    |geckolib                      |4.9.3               |Manifest: NOSIGNATURE
		generatorgalore-1.21.1-1.7.0.jar                  |Generator Galore              |generatorgalore               |1.21.1-1.7.0        |Manifest: NOSIGNATURE
		getittogetherdrops-neoforge-1.21.5-1.4.jar        |Get It Together, Drops!       |getittogetherdrops            |1.4                 |Manifest: NOSIGNATURE
		Glassential-renewed-1.21.1-3.4.7.jar              |Glassential-renewed           |glassential                   |3.4.7               |Manifest: NOSIGNATURE
		Glodium-1.21-2.2-neoforge.jar                     |Glodium                       |glodium                       |1.21-2.2-neoforge   |Manifest: NOSIGNATURE
		GrandPower-3.0.2.jar                              |Grand Power                   |grandpower                    |3.0.2               |Manifest: NOSIGNATURE
		GravitationalModulatingAdditionalUnit-1.21.1-6.4.j|Gravitational Modulating Addit|gmut                          |6.4                 |Manifest: NOSIGNATURE
		guideme-21.1.19.jar                               |GuideME                       |guideme                       |21.1.19             |Manifest: NOSIGNATURE
		handcrafted-neoforge-1.21.1-4.0.3.jar             |Handcrafted                   |handcrafted                   |4.0.3               |Manifest: NOSIGNATURE
		hardenedarmadillos-1.21.1-0.2.0.jar               |Hardened Armadillos           |hardenedarmadillos            |1.21.1-0.2.0        |Manifest: NOSIGNATURE
		HellishTrials-neoforge-1.0.5.jar                  |Hellish Trials                |hellish_trials                |1.0.5               |Manifest: NOSIGNATURE
		heyberryshutup-1.21.0-2.0.4.jar                   |Hey Berry! SHUT UP            |heyberryshutup                |1.21.0-2.0.4        |Manifest: NOSIGNATURE
		HostileNeuralNetworks-1.21.1-6.5.1.jar            |Hostile Neural Networks       |hostilenetworks               |6.5.1               |Manifest: NOSIGNATURE
		imfast-NEOFORGE-1.21.1-1.0.3.jar                  |I'm Fast                      |imfast                        |1.0.3               |Manifest: NOSIGNATURE
		iceandfire-2.0-beta.17.jar                        |Ice And Fire Community Edition|iceandfire                    |2.0-beta.17         |Manifest: NOSIGNATURE
		illagerwarship-1.0.1-neoforge-1.21.1.jar          |Illager-Warship               |illagerwarship                |1.0.1               |Manifest: NOSIGNATURE
		ImmediatelyFast-NeoForge-1.6.14+1.21.1.jar        |ImmediatelyFast               |immediatelyfast               |1.6.14+1.21.1       |Manifest: NOSIGNATURE
		Immersive-Energistics-1.1.0-beta.jar              |Immersive Energistics         |immeng                        |1.1.0-beta          |Manifest: NOSIGNATURE
		ImmersiveEngineering-1.21.1-12.4.2-194.jar        |Immersive Engineering         |immersiveengineering          |12.4.2-194          |Manifest: NOSIGNATURE
		incontrol-1.21-10.3.0.jar                         |InControl                     |incontrol                     |1.21-10.3.0         |Manifest: NOSIGNATURE
		industrialforegoing-1.21-3.6.39.jar               |Industrial Foregoing          |industrialforegoing           |1.21-3.6.39         |Manifest: NOSIGNATURE
		industrial-foregoing-souls-1.21.1-1.10.7.jar      |Industrial Foregoing Souls    |industrialforegoingsouls      |1.10.7              |Manifest: NOSIGNATURE
		industrialization_overdrive-1.14.0+1.21.1.jar     |Industrialization Overdrive   |industrialization_overdrive   |1.14.0+1.21.1       |Manifest: NOSIGNATURE
		infiniverse-568341-5486311.jar                    |Infiniverse                   |infiniverse                   |2.0.1.0             |Manifest: NOSIGNATURE
		integratedcrafting-1.21.1-neoforge-1.7.2.jar      |IntegratedCrafting            |integratedcrafting            |1.7.2               |Manifest: NOSIGNATURE
		integrateddynamics-1.21.1-neoforge-1.37.1-2160.jar|IntegratedDynamics            |integrateddynamics            |1.37.1              |Manifest: NOSIGNATURE
		integratedscripting-1.21.1-neoforge-1.0.27.jar    |IntegratedScripting           |integratedscripting           |1.0.27              |Manifest: NOSIGNATURE
		integratedterminals-1.21.1-neoforge-1.10.0.jar    |IntegratedTerminals           |integratedterminals           |1.10.0              |Manifest: NOSIGNATURE
		integratedtunnels-1.21.1-neoforge-1.12.0-792.jar  |IntegratedTunnels             |integratedtunnels             |1.12.0              |Manifest: NOSIGNATURE
		integration-neoforge-0.2.jar                      |Integration                   |integration                   |0.2                 |Manifest: NOSIGNATURE
		interdimensionalwirelesstransmitter-neoforge-1.21.|Interdimensional Wireless Tran|interdimensionalwirelesstransm|1.21.1-0.1.5        |Manifest: NOSIGNATURE
		invasiveopts-1.0.24.jar                           |Invasive Optimizations        |invasiveopts                  |1.0.24              |Manifest: NOSIGNATURE
		invtweaks-1.21.1-1.3.2.jar                        |Inventory Tweaks Refoxed      |invtweaks                     |1.21.1-1.3.2        |Manifest: NOSIGNATURE
		IrisSearch-1.8.1-neoforge.jar                     |IrisSearch                    |iris_search                   |1.8.1-neoforge      |Manifest: NOSIGNATURE
		ironfurnaces-neoforge-1.21.1-4.3.2.jar            |Iron Furnaces                 |ironfurnaces                  |4.3.2               |Manifest: NOSIGNATURE
		IronJetpacks-1.21.1-8.0.11.jar                    |Iron Jetpacks                 |ironjetpacks                  |8.0.11              |Manifest: NOSIGNATURE
		irons_jewelry-1.21.1-2.0.2.jar                    |Iron's Gems 'n Jewelry        |irons_jewelry                 |1.21.1-2.0.2        |Manifest: NOSIGNATURE
		irons_lib-1.21.1-2.1.1.jar                        |Iron's Lib                    |irons_lib                     |1.21.1-2.1.1        |Manifest: NOSIGNATURE
		irons_spellbooks-1.21.1-3.16.3.jar                |Iron's Spells 'n Spellbooks   |irons_spellbooks              |1.21.1-3.16.3       |Manifest: NOSIGNATURE
		itemcollectors-1.1.10-neoforge-mc1.21.jar         |Item Collectors               |itemcollectors                |1.1.10              |Manifest: NOSIGNATURE
		Jade-1.21.1-NeoForge-15.10.6.jar                  |Jade                          |jade                          |15.10.6+neoforge    |Manifest: NOSIGNATURE
		trophymanager-1.21.1-3.0.0.jar                    |Jonn's Trophies               |trophymanager                 |1.21.1-3.0.0        |Manifest: NOSIGNATURE
		journeymap-neoforge-1.21.1-6.0.9.jar              |Journeymap                    |journeymap                    |1.21.1-6.0.9        |Manifest: NOSIGNATURE
		journeymap-api-neoforge-2.0.0-1.21.1.jar          |JourneyMap API                |journeymap_api                |2.0.0-1.21.1        |Manifest: NOSIGNATURE
		jumpboat-1.21.0-1.0.5.jar                         |Jumpy Boats                   |jumpboat                      |1.21.0-1.0.5        |Manifest: NOSIGNATURE
		jupiter-2.3.7-1.21.1-neoforge.jar                 |Jupiter                       |jupiter                       |2.3.7               |Manifest: NOSIGNATURE
		justdirethings-1.5.7.jar                          |Just Dire Things              |justdirethings                |1.5.7               |Manifest: NOSIGNATURE
		jearchaeology-1.21.1-1.2.0.jar                    |Just Enough Archaeology       |jearchaeology                 |1.21.1-1.2.0        |Manifest: NOSIGNATURE
		jei-1.21.1-neoforge-19.57.0.446.jar               |Just Enough Items             |jei                           |19.57.0.446         |Manifest: NOSIGNATURE
		JustEnoughMekanismMultiblocks-1.21.1-7.21.jar     |Just Enough Mekanism Multibloc|jei_mekanism_multiblocks      |7.21                |Manifest: NOSIGNATURE
		JustEnoughProfessions-neoforge-1.21.1-4.0.5.jar   |Just Enough Professions (JEP) |justenoughprofessions         |4.0.5               |Manifest: NOSIGNATURE
		jeistuff-1.21.1-1.2.1.jar                         |Just Enough Stuff             |jeistuff                      |1.21.1-1.2.1        |Manifest: NOSIGNATURE
		KeybindsPurger-1.4.0-neoforge-1.21.1.jar          |KeybindsPurger                |keybindspurger                |1.4.0               |Manifest: NOSIGNATURE
		thedarkcolour.kffmod-5.12.0.jar                   |Kotlin For Forge              |kotlinforforge                |5.12.0              |Manifest: NOSIGNATURE
		kubejs-neoforge-2101.7.2-build.374.jar            |KubeJS                        |kubejs                        |2101.7.2-build.374  |Manifest: NOSIGNATURE
		kubejstweaks-1.0.6.jar                            |KubeJS Tweaks                 |kubejstweaks                  |1.0.6               |Manifest: NOSIGNATURE
		kuma-api-neoforge-21.0.8+1.21.jar                 |KumaAPI                       |kuma_api                      |21.0.8              |Manifest: NOSIGNATURE
		L_Ender's Cataclysm 1.21.1-3.33.jar               |L_Ender's Cataclysm 1.21.1    |cataclysm                     |3.33                |Manifest: NOSIGNATURE
		lambdynamiclights-api-4.5.1+1.21.1-mojmap.jar     |LambDynamicLights (API)       |lambdynlights_api             |4.5.1+1.21.1        |Manifest: NOSIGNATURE
		laserbridges-1.21.1-neoforge-6.jar                |Laser Bridges                 |laserbridges                  |6                   |Manifest: NOSIGNATURE
		laserio-1.9.11.jar                                |LaserIO                       |laserio                       |1.9.11              |Manifest: NOSIGNATURE
		lionfishapi-3.1.jar                               |lionfishapi                   |lionfishapi                   |3.1                 |Manifest: NOSIGNATURE
		lithostitched-1.8.0-neoforge-21.1.jar             |Lithostitched                 |lithostitched                 |1.8.0               |Manifest: NOSIGNATURE
		little-big-redstone-1.9.11-1.21.1.jar             |Little Big Redstone           |little_big_redstone           |1.9.11-1.21.1       |Manifest: NOSIGNATURE
		livingthings-neoforge-1.21.1-2.3.2.jar            |Living Things                 |livingthings                  |1.21.1-2.3.2        |Manifest: NOSIGNATURE
		lmft-1.1.1+1.21.9-neoforge.jar                    |Load My F***ing Tags          |lmft                          |1.1.1+1.21.9        |Manifest: NOSIGNATURE
		logisticsnetworks-1.21.1-1.16.3.jar               |LogisticsNetworks             |logisticsnetworks             |1.16.3              |Manifest: NOSIGNATURE
		lootr-neoforge-1.21.1-1.11.38.126.jar             |Lootr                         |lootr                         |1.21.1-1.11.38.126  |Manifest: NOSIGNATURE
		luminax-1.3.1_neoforge_1.21.1.jar                 |Luminax                       |luminax                       |1.3.1               |Manifest: NOSIGNATURE
		mcw-bridges-3.1.2-mc1.21.1neoforge.jar            |Macaw's Bridges               |mcwbridges                    |3.1.2               |Manifest: NOSIGNATURE
		mcw-doors-1.1.5-mc1.21.1neoforge.jar              |Macaw's Doors                 |mcwdoors                      |1.1.5               |Manifest: NOSIGNATURE
		mcw-mcwfences-1.2.1-mc1.21.1neoforge.jar          |Macaw's Fences and Walls      |mcwfences                     |1.2.1               |Manifest: NOSIGNATURE
		mcw-furniture-3.4.1-mc1.21.1neoforge.jar          |Macaw's Furniture             |mcwfurnitures                 |3.4.1               |Manifest: NOSIGNATURE
		mcw-holidays-1.1.2-mc1.21.1neoforge.jar           |Macaw's Holidays              |mcwholidays                   |1.1.2               |Manifest: NOSIGNATURE
		mcw-lights-1.1.5-mc1.21.1neoforge.jar             |Macaw's Lights and Lamps      |mcwlights                     |1.1.5               |Manifest: NOSIGNATURE
		mcw-mcwpaths-1.1.1-mc1.21.1neoforge.jar           |Macaw's Paths and Pavings     |mcwpaths                      |1.1.1               |Manifest: NOSIGNATURE
		mcw-roofs-2.3.2-mc1.21.1neoforge.jar              |Macaw's Roofs                 |mcwroofs                      |2.3.2               |Manifest: NOSIGNATURE
		mcw-mcwstairs-1.0.2-mc1.21.1neoforge.jar          |Macaw's Stairs and Balconies  |mcwstairs                     |1.0.2               |Manifest: NOSIGNATURE
		mcw-trapdoors-1.1.5-mc1.21.1neoforge.jar          |Macaw's Trapdoors             |mcwtrpdoors                   |1.1.5               |Manifest: NOSIGNATURE
		mcw-mcwwindows-2.4.2-mc1.21.1neoforge.jar         |Macaw's Windows               |mcwwindows                    |2.4.2               |Manifest: NOSIGNATURE
		mahoutsukai-1.21.1-v1.36.28.jar                   |Mahou Tsukai                  |mahoutsukai                   |1.21.1-v1.36.28     |Manifest: NOSIGNATURE
		herbsandharvest-1.21.1-21.jar                     |Mama's Herbs and Harvest      |herbsandharvest               |1.21.1-21           |Manifest: NOSIGNATURE
		merrymaking-1.21.1-16.jar                         |Mama's MerryMaking            |merrymaking                   |1.21.1-16           |Manifest: NOSIGNATURE
		mcjtylib-1.21-9.0.21.jar                          |McJtyLib                      |mcjtylib                      |1.21-9.0.21         |Manifest: NOSIGNATURE
		merequester-neoforge-1.21.1-1.5.0.jar             |ME Requester                  |merequester                   |1.21.1-1.5.0        |Manifest: NOSIGNATURE
		Measurements-neoforge-1.21.1-3.0.3.jar            |Measurements                  |measurements                  |3.0.3               |Manifest: NOSIGNATURE
		megacells-4.11.0.jar                              |MEGA Cells                    |megacells                     |4.11.0              |Manifest: NOSIGNATURE
		Mekanism-1.21.1-10.7.19.85.jar                    |Mekanism                      |mekanism                      |10.7.19             |Manifest: NOSIGNATURE
		mekanismcovers-1.3-BETA+1.21.jar                  |Mekanism Covers               |mekanismcovers                |1.3-BETA+1.21       |Manifest: NOSIGNATURE
		MekanismGenerators-1.21.1-10.7.19.85.jar          |Mekanism: Generators          |mekanismgenerators            |10.7.19             |Manifest: NOSIGNATURE
		mekmm-1.21.1-1.4.1.jar                            |Mekanism: MoreMachine         |mekmm                         |1.4.1               |Manifest: NOSIGNATURE
		MekanismTools-1.21.1-10.7.19.85.jar               |Mekanism: Tools               |mekanismtools                 |10.7.19             |Manifest: NOSIGNATURE
		mekanisticrouters-1.2.0.jar                       |Mekanistic Routers            |mekanisticrouters             |1.2.0               |Manifest: NOSIGNATURE
		melody_neoforge_1.0.10_MC_1.21.jar                |Melody                        |melody                        |1.0.10              |Manifest: NOSIGNATURE
		memorysettings-1.21-6.0.jar                       |memorysettings mod            |memorysettings                |6.0                 |Manifest: NOSIGNATURE
		mezz_config-1.21.1-neoforge-0.6.3.jar             |MezzConfig                    |mezz_config                   |0.6.3               |Manifest: NOSIGNATURE
		minecolonies-1.1.1396-1.21.1-snapshot.jar         |MineColonies                  |minecolonies                  |1.1.1396-1.21.1-snap|Manifest: NOSIGNATURE
		neoforge-21.1.251.jar                             |Minecraft                     |minecraft                     |1.21.1              |Manifest: NOSIGNATURE
		mininggadgets-1.18.8.jar                          |Mining Gadgets                |mininggadgets                 |1.18.8              |Manifest: NOSIGNATURE
		dummmmmmy-1.21-2.1.2-neoforge.jar                 |MmmMmmMmmMmm                  |dummmmmmy                     |1.21-2.1.2          |Manifest: NOSIGNATURE
		mostructures-neoforge-1.6.0+1.21.1.jar            |Mo' Structures                |mostructures                  |1.6.0+1.21.1        |Manifest: NOSIGNATURE
		mob_grinding_utils-1.1.10+mc1.21.1.jar            |Mob Grinding Utils            |mob_grinding_utils            |1.1.10+mc1.21.1     |Manifest: NOSIGNATURE
		modder_name_lib-1.21.1-neoforge-2026.08.31.jar    |ModderNameLib                 |modder_name_lib               |2026.08.31          |Manifest: NOSIGNATURE
		Modern-Dynamics-0.9.6.jar                         |Modern Dynamics               |moderndynamics                |0.9.6               |Manifest: NOSIGNATURE
		Modern-Industrialization-2.5.8.jar                |Modern Industrialization      |modern_industrialization      |2.5.8               |Manifest: NOSIGNATURE
		modernfix-neoforge-5.27.24+mc1.21.1.jar           |ModernFix                     |modernfix                     |5.27.24+mc1.21.1    |Manifest: NOSIGNATURE
		modonomicon-1.21.1-neoforge-1.120.4.jar           |Modonomicon                   |modonomicon                   |1.120.4             |Manifest: NOSIGNATURE
		mffs-5.4.44.jar                                   |Modular Force Field System    |mffs                          |5.4.44              |Manifest: NOSIGNATURE
		modular-routers-13.2.7+mc1.21.1.jar               |Modular Routers               |modularrouters                |13.2.7              |Manifest: NOSIGNATURE
		ModularBees-1.21.1-3.4-neoforge.jar               |ModularBees                   |modularbees                   |1.21.1-3.4-neoforge |Manifest: NOSIGNATURE
		monolib-neoforge-1.21.1-4.1.0.jar                 |MonoLib                       |monolib                       |4.1.0               |Manifest: NOSIGNATURE
		MoogsStructureLib-neoforge-1.21.1-3.3.1.jar       |Moog's Structure Lib          |moogs_structures              |3.3.1               |Manifest: NOSIGNATURE
		MoogsEndStructures-universal-1.21-2.1.1.jar       |MoogsEndStructures            |mes                           |2.1.1               |Manifest: NOSIGNATURE
		MoogsNetherStructures-universal-1.21-3.1.1.jar    |MoogsNetherStructures         |mns                           |3.1.1               |Manifest: NOSIGNATURE
		MoogsSoaringStructures-universal-1.21-2.2.0.jar   |MoogsSoaringStructures        |mss                           |2.2.0               |Manifest: NOSIGNATURE
		MoogsVoyagerStructures-universal-1.21-5.1.2.jar   |MoogsVoyagerStructures        |mvs                           |5.1.2               |Manifest: NOSIGNATURE
		moonlight-1.21.1-3.6.8-neoforge.jar               |Moonlight Lib                 |moonlight                     |1.21.1-3.6.8        |Manifest: NOSIGNATURE
		moredragoneggs-5.0.jar                            |More Dragon Eggs              |moredragoneggs                |5.0                 |Manifest: NOSIGNATURE
		mifa-neoforge-1.21.x-2.1.0.jar                    |More Industrial Foregoing Addo|mifa                          |2.1.0               |Manifest: NOSIGNATURE
		morered-1.21.1-6.0.0.3.jar                        |More Red                      |morered                       |6.0.0.3             |Manifest: NOSIGNATURE
		MoreRed-CCT-Compat-1.21.1-1.3.0.jar               |More Red x CC:Tweaked Compat  |moreredxcctcompat             |1.21.1-1.3.0        |Manifest: NOSIGNATURE
		MouseTweaks-neoforge-mc1.21-2.26.1.jar            |Mouse Tweaks                  |mousetweaks                   |2.26.1              |Manifest: NOSIGNATURE
		refurbished_furniture-neoforge-1.21.1-1.0.22.jar  |MrCrayfish's Furniture Mod: Re|refurbished_furniture         |1.0.22              |Manifest: NOSIGNATURE
		multipiston-1.2.58-1.21.1.jar                     |Multi-Piston                  |multipiston                   |1.2.58-1.21.1       |Manifest: NOSIGNATURE
		MysticalAgradditions-1.21.1-8.0.14.jar            |Mystical Agradditions         |mysticalagradditions          |8.0.14              |Manifest: NOSIGNATURE
		MysticalAgriculture-1.21.1-8.0.28.jar             |Mystical Agriculture          |mysticalagriculture           |8.0.28              |Manifest: NOSIGNATURE
		MysticalCustomization-1.21.1-6.0.2.jar            |Mystical Customization        |mysticalcustomization         |6.0.2               |Manifest: NOSIGNATURE
		NaturesCompass-1.21.1-3.4.0-neoforge.jar          |Nature's Compass              |naturescompass                |1.21.1-3.4.0-neoforg|Manifest: NOSIGNATURE
		NaturesAura-41.10.jar                             |NaturesAura                   |naturesaura                   |41.10               |Manifest: NOSIGNATURE
		neovitae-1.21.1-1.1.26.jar                        |Neo Vitae                     |neovitae                      |1.1.26              |Manifest: NOSIGNATURE
		neoforge-21.1.251.jar                             |NeoForge                      |neoforge                      |21.1.251            |Manifest: NOSIGNATURE
		netherportalfix-neoforge-1.21.1-21.1.1.jar        |NetherPortalFix               |netherportalfix               |21.1.1              |Manifest: NOSIGNATURE
		nitrogen_internals-1.21.1-1.1.25-neoforge.jar     |Nitrogen                      |nitrogen_internals            |1.1.25              |Manifest: NOSIGNATURE
		NoChatReports-NEOFORGE-1.21.1-v2.9.1.jar          |No Chat Reports               |nochatreports                 |1.21.1-v2.9.1       |Manifest: NOSIGNATURE
		novillagerdm-1.21.1-6.0.0.jar                     |No Villager Death Messages    |novillagerdm                  |6.0.0               |Manifest: NOSIGNATURE
		not_enough_glyphs-1.21.1-4.6.2.jar                |Not Enough Glyphs             |not_enough_glyphs             |4.6.2               |Manifest: NOSIGNATURE
		nuggets-neoforge-1.21.1-1.1.0.48.jar              |Nuggets                       |nuggets                       |1.1.0.48            |Manifest: NOSIGNATURE
		Nullscape_1.21.x_v1.2.14.jar                      |Nullscape                     |nullscape                     |1.2.14              |Manifest: NOSIGNATURE
		observable-5.4.4.jar                              |Observable                    |observable                    |5.4.4               |Manifest: NOSIGNATURE
		occultism-1.21.1-neoforge-1.224.4.jar             |Occultism                     |occultism                     |1.224.4             |Manifest: NOSIGNATURE
		occultism_kubejs-1.21.1-neoforge-1.11.0.jar       |Occultism KubeJS              |occultism_kubejs              |1.11.0              |Manifest: NOSIGNATURE
		OctoLib-NEOFORGE-0.6.2+1.21.jar                   |OctoLib                       |octolib                       |0.6.2               |Manifest: NOSIGNATURE
		Oh-The-Biomes-Weve-Gone-NeoForge-2.6.0.jar        |Oh The Biomes We've Gone      |biomeswevegone                |2.6.0               |Manifest: NOSIGNATURE
		Oh-The-Trees-Youll-Grow-neoforge-1.21.1-5.3.2.jar |Oh The Trees You'll Grow      |ohthetreesyoullgrow           |5.3.2               |Manifest: NOSIGNATURE
		olympus-neoforge-1.21-1.0.18.jar                  |Olympus                       |olympus                       |1.0.18              |Manifest: NOSIGNATURE
		omegaconfig-neoforge-1.5.1.jar                    |Omega Config Architectury     |omegaconfig                   |1.5.1               |Manifest: NOSIGNATURE
		OpenLoader-neoforge-1.21.1-21.1.5.jar             |OpenLoader                    |openloader                    |21.1.5              |Manifest: NOSIGNATURE
		oracle_index-neoforge-1.4.0.jar                   |Oracle Index                  |oracle_index                  |1.4.0               |Manifest: NOSIGNATURE
		oritech-neoforge-1.21.1-1.2.12.jar                |Oritech                       |oritech                       |1.2.12              |Manifest: NOSIGNATURE
		overlapless-1.21.1-1.2.0.jar                      |Overlapless                   |overlapless                   |1.21.1-1.2.0        |Manifest: NOSIGNATURE
		overloadedarmorbar-neoforge-1.21-2.jar            |OverloadedArmorBar            |overloadedarmorbar            |2                   |Manifest: NOSIGNATURE
		owo-lib-neoforge-0.12.15.5-beta.1+1.21.jar        |oωo                           |owo                           |0.12.15.5-beta.1+1.2|Manifest: NOSIGNATURE
		pamhc2crops-NEOFORGE-1.21.1-1.0.9.jar             |Pam's HarvestCraft - Crops    |pamhc2crops                   |1.0.9               |Manifest: NOSIGNATURE
		pamhc2foodcore-NEOFORGE-1.21.1-1.0.4.jar          |Pam's HarvestCraft - Food Core|pamhc2foodcore                |1.0.4               |Manifest: NOSIGNATURE
		pamhc2foodextended-NEOFORGE-1.21.1-1.0.0.jar      |Pam's HarvestCraft - Food Exte|pamhc2foodextended            |1.0.0               |Manifest: NOSIGNATURE
		pamhc2trees-NEOFORGE-1.21.1-1.0.9.jar             |Pam's HarvestCraft - Trees    |pamhc2trees                   |1.0.9               |Manifest: NOSIGNATURE
		Patchouli-1.21.1-93-NEOFORGE.jar                  |Patchouli                     |patchouli                     |1.21.1-93-NEOFORGE  |Manifest: NOSIGNATURE
		pipez-neoforge-1.21.1-1.2.31.jar                  |Pipez                         |pipez                         |1.21.1-1.2.31       |Manifest: NOSIGNATURE
		Placebo-1.21.1-9.9.2.jar                          |Placebo                       |placebo                       |9.9.2               |Manifest: NOSIGNATURE
		player-animation-lib-forge-2.0.4+1.21.1.jar       |Player Animator               |playeranimator                |2.0.4+1.21.1        |Manifest: NOSIGNATURE
		pneumaticcraft-repressurized-8.2.23+mc1.21.1.jar  |PneumaticCraft: Repressurized |pneumaticcraft                |8.2.23              |Manifest: NOSIGNATURE
		pocketstorage-1.2.5+1.21.1-b3.jar                 |Pocket Storage                |pocketstorage                 |1.2.5               |Manifest: NOSIGNATURE
		polylib-2100.1.0-build.183-neoforge.jar           |PolyLib                       |polylib                       |2100.1.0-build.183  |Manifest: NOSIGNATURE
		polymorph-neoforge-1.2.0+1.21.1.jar               |Polymorph                     |polymorph                     |1.2.0+1.21.1        |Manifest: NOSIGNATURE
		polyeng-0.4.1.jar                                 |Polymorphic Energistics       |polyeng                       |0.4.1               |Manifest: NOSIGNATURE
		ponder-neoforge-1.0.82+mc1.21.1.jar               |Ponder                        |ponder                        |1.0.82+mc1.21.1     |Manifest: NOSIGNATURE
		ponderjs-neoforge-1.21.1-2.4.0.jar                |PonderJS                      |ponderjs                      |1.21.1-2.4.0        |Manifest: NOSIGNATURE
		potionsmaster-21.1.113-1.0.1.jar                  |PotionsMaster                 |potionsmaster                 |1.0.1               |Manifest: NOSIGNATURE
		Powah-6.2.10.jar                                  |Powah                         |powah                         |6.2.10              |Manifest: NOSIGNATURE
		prickle-neoforge-1.21.1-21.1.11.jar               |PrickleMC                     |prickle                       |21.1.11             |Manifest: NOSIGNATURE
		productivebees-1.21.1-13.13.5.jar                 |Productive Bees               |productivebees                |1.21.1-13.13.5      |Manifest: NOSIGNATURE
		productivelib-1.21.1-0.2.0.jar                    |Productive Lib                |productivelib                 |1.21.1-0.2.0        |Manifest: NOSIGNATURE
		productivemetalworks-1.21.1-1.15.1.jar            |Productive Metalworks         |productivemetalworks          |1.21.1-1.15.1       |Manifest: NOSIGNATURE
		productivetrees-1.21.1-1.1.1.jar                  |Productive Trees              |productivetrees               |1.21.1-1.1.1        |Manifest: NOSIGNATURE
		pylons-1.21.1-5.4.2.jar                           |Pylons                        |pylons                        |5.4.2               |Manifest: NOSIGNATURE
		AdditionalEnchantedMiner-1.21.1-neoforge-21.1.164.|QuarryPlus                    |quarryplus                    |21.1.164            |Manifest: ef:50:af:b3:03:e0:3e:70:a7:ef:78:77:a5:4d:d4:b5:07:ec:df:9d:d6:f3:12:13:c9:3c:cd:9a:0a:3e:6b:43
		railcraft-reborn-1.21.1-1.2.10.jar                |Railcraft Reborn              |railcraft                     |1.2.10              |Manifest: NOSIGNATURE
		rangedpumps-1.3.0.jar                             |Ranged Pumps                  |rangedpumps                   |1.3.0               |Manifest: NOSIGNATURE
		rebind_narrator-1.21.1-neoforge-2026.08.31.jar    |Rebind Narrator               |rebind_narrator               |2026.08.31          |Manifest: NOSIGNATURE
		rechiseled-1.2.6-neoforge-mc1.21.jar              |Rechiseled                    |rechiseled                    |1.2.6               |Manifest: NOSIGNATURE
		rechiseled_chipped-2.0-1.21.1.jar                 |Rechiseled: Chipped           |rechiseled_chipped            |1.3                 |Manifest: NOSIGNATURE
		rechiseledcreate-1.1.1-neoforge-mc1.21.jar        |Rechiseled: Create            |rechiseledcreate              |1.1.1               |Manifest: NOSIGNATURE
		redstonepen-1.21-neoforge-1.11.42.jar             |Redstone Pen                  |redstonepen                   |1.11.42             |Manifest: bf:30:76:97:e4:58:41:61:2a:f4:30:d3:8f:4c:e3:71:1d:14:c4:a1:4e:85:36:e3:1d:aa:2f:cb:22:b0:04:9b
		refinedstorage-neoforge-2.0.9.jar                 |Refined Storage               |refinedstorage                |2.0.9               |Manifest: NOSIGNATURE
		refinedstorage-curios-integration-1.0.0.jar       |Refined Storage - Curios Integ|refinedstorage_curios_integrat|1.0.0               |Manifest: NOSIGNATURE
		refinedstorage-jei-integration-neoforge-1.0.0.jar |Refined Storage - JEI Integrat|refinedstorage_jei_integration|1.0.0               |Manifest: NOSIGNATURE
		refinedstorage-mekanism-integration-1.1.1.jar     |Refined Storage - Mekanism Int|refinedstorage_mekanism_integr|1.1.1               |Manifest: NOSIGNATURE
		refinedstorage-quartz-arsenal-neoforge-1.0.8.jar  |Refined Storage - Quartz Arsen|refinedstorage_quartz_arsenal |1.0.8               |Manifest: NOSIGNATURE
		refined-types-1.21.1-0.3.2.jar                    |Refined Types                 |refinedtypes                  |1.21.1-0.3.2        |Manifest: NOSIGNATURE
		regions_unexplored-neoforge-1.21.1-0.5.9.jar      |Regions Unexplored            |regions_unexplored            |0.5.9               |Manifest: NOSIGNATURE
		relics-1.21.1-0.12.8.jar                          |Relics                        |relics                        |0.12.8              |Manifest: NOSIGNATURE
		reliquary-1.21.1-2.0.80.1570.jar                  |Reliquary Reincarnations      |reliquary                     |2.0.80              |Manifest: NOSIGNATURE
		reliquified_artifacts-1.21.1-1.0.8.jar            |reliquified_artifacts         |reliquified_artifacts         |1.0.8               |Manifest: NOSIGNATURE
		repeatable_trial_vaults-neoforge-1.21-1.0.3.jar   |Repeatable Trial Vaults       |repeatable_trial_vaults       |1.0.3               |Manifest: NOSIGNATURE
		repurposed_structures-7.5.22+1.21.1-neoforge.jar  |Repurposed Structures         |repurposed_structures         |7.5.22+1.21.1-neofor|Manifest: NOSIGNATURE
		resourcefullib-neoforge-1.21-3.0.12.jar           |Resourceful Lib               |resourcefullib                |3.0.12              |Manifest: NOSIGNATURE
		resourcefullibkt-neoforge-1.21-2.0.2.jar          |Resourceful Lib Kotlin        |resourcefullibkt              |2.0.2               |Manifest: NOSIGNATURE
		resourcefulconfig-neoforge-1.21-3.0.11.jar        |Resourcefulconfig             |resourcefulconfig             |3.0.11              |Manifest: NOSIGNATURE
		restrictions-1.21-7.0.3.jar                       |Restrictions                  |restrictions                  |1.21-7.0.3          |Manifest: NOSIGNATURE
		rftoolsbase-1.21-6.0.11.jar                       |RFToolsBase                   |rftoolsbase                   |1.21-6.0.11         |Manifest: NOSIGNATURE
		rftoolsbuilder-1.21-7.0.6.jar                     |RFToolsBuilder                |rftoolsbuilder                |1.21-7.0.6          |Manifest: NOSIGNATURE
		rftoolspower-1.21-7.0.6.jar                       |RFToolsPower                  |rftoolspower                  |1.21-7.0.6          |Manifest: NOSIGNATURE
		rftoolsstorage-1.21-6.0.5.jar                     |RFToolsStorage                |rftoolsstorage                |1.21-6.0.5          |Manifest: NOSIGNATURE
		rftoolsutility-1.21-7.0.12.jar                    |RFToolsUtility                |rftoolsutility                |1.21-7.0.12         |Manifest: NOSIGNATURE
		rhino-2101.2.8-build.91.jar                       |Rhino                         |rhino                         |2101.2.8-build.91   |Manifest: NOSIGNATURE
		RootsClassic-1.21.1-1.5.10.jar                    |Roots Classic                 |rootsclassic                  |1.21.1-1.5.10       |Manifest: NOSIGNATURE
		sable-companion-common-1.21.1-1.6.0.jar           |Sable Companion               |sablecompanion                |1.6.0               |Manifest: NOSIGNATURE
		sauce-1.21.1-0.0.50.97.jar                        |Sauce Library                 |sauce                         |0.0.50.97           |Manifest: NOSIGNATURE
		Searchables-neoforge-1.21.1-1.0.2.jar             |Searchables                   |searchables                   |1.0.2               |Manifest: NOSIGNATURE
		[1.21.1] SecurityCraft v1.10.2.1.jar              |SecurityCraft                 |securitycraft                 |1.10.2.1            |Manifest: NOSIGNATURE
		shiny-1.21.1-1.3.0.jar                            |Shiny!                        |shiny                         |1.21.1-1.3.0        |Manifest: NOSIGNATURE
		shrink-2.0.1.47-neoforge.jar                      |Shrink                        |shrink                        |2.0.1.47            |Manifest: NOSIGNATURE
		silent-gear-1.21.1-neoforge-4.2.1.1.jar           |Silent Gear                   |silentgear                    |4.2.1.1             |Manifest: NOSIGNATURE
		sgearmetalworks-1.21.1-1.5.0.jar                  |Silent Gear Metalworks        |sgearmetalworks               |1.21.1-1.5.0        |Manifest: NOSIGNATURE
		silent-lib-1.21.1-neoforge-10.6.0.jar             |Silent Lib                    |silentlib                     |10.6.0              |Manifest: NOSIGNATURE
		silentgems-1.21.1-neoforge-5.1.3.jar              |Silent's Gems                 |silentgems                    |5.1.3               |Manifest: NOSIGNATURE
		simplemagnets-1.1.12c-neoforge-mc1.21.jar         |Simple Magnets                |simplemagnets                 |1.1.12+c            |Manifest: NOSIGNATURE
		simplylight-1.5.3+1.21.1-b4.jar                   |Simply Light                  |simplylight                   |1.5.3               |Manifest: NOSIGNATURE
		SmartBrainLib-neoforge-1.21.1-1.16.11.jar         |SmartBrainLib                 |smartbrainlib                 |1.16.11             |Manifest: NOSIGNATURE
		sophisticatedbackpacks-1.21.1-3.26.3.2158.jar     |Sophisticated Backpacks       |sophisticatedbackpacks        |3.26.3              |Manifest: NOSIGNATURE
		sophisticatedbackpackscreateintegration-1.21.1-0.2|Sophisticated Backpacks Create|sophisticatedbackpackscreatein|0.2.0               |Manifest: NOSIGNATURE
		sophisticatedcore-1.21.1-1.5.1.2341.jar           |Sophisticated Core            |sophisticatedcore             |1.5.1               |Manifest: NOSIGNATURE
		sophisticatedstorage-1.21.1-1.5.91.2127.jar       |Sophisticated Storage         |sophisticatedstorage          |1.5.91              |Manifest: NOSIGNATURE
		sophisticatedstoragecreateintegration-1.21.1-0.1.2|Sophisticated Storage Create I|sophisticatedstoragecreateinte|0.1.21              |Manifest: NOSIGNATURE
		sophisticatedstorageinmotion-1.21.1-0.10.34.358.ja|Sophisticated Storage In Motio|sophisticatedstorageinmotion  |0.10.34             |Manifest: NOSIGNATURE
		soulplied_energistics-1.0.3.jar                   |Soulplied Energistics         |soulplied_energistics         |1.0.3               |Manifest: NOSIGNATURE
		spark-1.10.124-neoforge.jar                       |spark                         |spark                         |1.10.124            |Manifest: NOSIGNATURE
		spectrelib-neoforge-0.17.2+1.21.jar               |SpectreLib                    |spectrelib                    |0.17.2+1.21         |Manifest: NOSIGNATURE
		solcarrot-1.21.1-1.16.6.jar                       |Spice of Life: Carrot Edition |solcarrot                     |1.16.6              |Manifest: NOSIGNATURE
		starbunclemania-1.21.1-1.5.8.jar                  |Starbunclemania               |starbunclemania               |1.5.8               |Manifest: NOSIGNATURE
		stepcrafter-neoforge-1.21.1-0.1.9.jar             |Step Crafter                  |stepcrafter                   |1.21.1-0.1.9        |Manifest: NOSIGNATURE
		stevescarts-1.21-1.2.18-neoforge.jar              |StevesCarts2                  |stevescarts                   |1.2.18              |Manifest: NOSIGNATURE
		storagedelight-26.09.17-1.21-neoforge.jar         |Storage Delight               |storagedelight                |26.09.17-1.21-neofor|Manifest: NOSIGNATURE
		Structory_26.2_v1.3.7.jar                         |Structory                     |structory                     |1.3.17              |Manifest: NOSIGNATURE
		Structory_Towers_26.1_v1.0.16.jar                 |Structory: Towers             |structory_towers              |1.0.16              |Manifest: NOSIGNATURE
		structurize-1.0.833-1.21.1-snapshot.jar           |Structurize                   |structurize                   |1.0.833-1.21.1-snaps|Manifest: NOSIGNATURE
		stylecolonies-1.15.59-1.21.1.jar                  |Stylecolonies                 |stylecolonies                 |1.15.59-1.21.1      |Manifest: NOSIGNATURE
		Super Factory Manager (SFM)-MC1.21.1-4.34.0.jar   |Super Factory Manager (SFM)   |sfm                           |4.34.0              |Manifest: NOSIGNATURE
		supermartijn642configlib-1.1.8-neoforge-mc1.21.jar|SuperMartijn642's Config Libra|supermartijn642configlib      |1.1.8               |Manifest: NOSIGNATURE
		supermartijn642corelib-1.1.24a-neoforge-mc1.21.jar|SuperMartijn642's Core Lib    |supermartijn642corelib        |1.1.24+a            |Manifest: NOSIGNATURE
		supplementaries-1.21.1-3.9.9-neoforge.jar         |Supplementaries               |supplementaries               |1.21.1-3.9.9        |Manifest: NOSIGNATURE
		sushigocrafting-1.21-0.6.6.jar                    |Sushi Go Crafting             |sushigocrafting               |0.6.6               |Manifest: NOSIGNATURE
		sussysniffers-1.21.1-0.1.3.jar                    |Sussy Sniffers                |sussysniffers                 |1.21.1-0.1.3        |Manifest: NOSIGNATURE
		tempad-1.21.1-3.0.4-all.jar                       |Tempad                        |tempad                        |3.0.4               |Manifest: NOSIGNATURE
		TerraBlender-neoforge-1.21.1-4.1.0.8.jar          |TerraBlender                  |terrablender                  |4.1.0.8             |Manifest: NOSIGNATURE
		tesseract-api-neoforge-1.12.16-1.21.1.jar         |Tesseract API                 |tesseract_api                 |1.12.16-1.21.1      |Manifest: NOSIGNATURE
		aether-1.21.1-1.5.10-neoforge.jar                 |The Aether                    |aether                        |1.5.10              |Manifest: NOSIGNATURE
		the_bumblezone-7.16.1+1.21.1-neoforge.jar         |The Bumblezone                |the_bumblezone                |7.16.1+1.21.1-neofor|Manifest: NOSIGNATURE
		twilightforest-1.21.1-4.8.3345-universal.jar      |The Twilight Forest           |twilightforest                |4.8.3345            |Manifest: NOSIGNATURE
		The_Undergarden-1.21.1-0.9.6.jar                  |The Undergarden               |undergarden                   |0.9.6               |Manifest: NOSIGNATURE
		theurgy-1.21.1-neoforge-1.76.1.jar                |Theurgy                       |theurgy                       |1.76.1              |Manifest: NOSIGNATURE
		theurgy_kubejs-1.21.1-neoforge-1.6.0.jar          |Theurgy KubeJS                |theurgy_kubejs                |1.6.0               |Manifest: NOSIGNATURE
		tiab-neoforge-6.5.4.jar                           |Time In A Bottle              |tiab                          |6.5.4               |Manifest: NOSIGNATURE
		titanium-1.21-4.0.50.jar                          |Titanium                      |titanium                      |4.0.50              |Manifest: NOSIGNATURE
		ToastControl-1.21.1-9.0.1.jar                     |Toast Control                 |toastcontrol                  |9.0.1               |Manifest: NOSIGNATURE
		ToolBelt-1.21.1-2.2.10.jar                        |Tool Belt                     |toolbelt                      |2.2.10              |Manifest: NOSIGNATURE
		torchmaster-neoforge-1.21.1-21.1.12.jar           |Torchmaster                   |torchmaster                   |21.1.12             |Manifest: NOSIGNATURE
		t_and_t-fabric-neoforge-1.13.11.jar               |Towns and Towers              |t_and_t                       |1.13.11             |Manifest: NOSIGNATURE
		towntalk-1.2.0.jar                                |Towntalk                      |towntalk                      |1.2.0               |Manifest: NOSIGNATURE
		transfer_labels-0.1.9.jar                         |Transfer Labels               |transfer_labels               |0.1.9               |Manifest: NOSIGNATURE
		trashcans-1.1.0-neoforge-mc1.21.jar               |Trash Cans                    |trashcans                     |1.1.0               |Manifest: NOSIGNATURE
		trashslot-neoforge-1.21.1-21.1.11.jar             |TrashSlot                     |trashslot                     |21.1.11             |Manifest: NOSIGNATURE
		treetap-1.21.1-0.4.6.jar                          |Tree Tap                      |treetap                       |1.21.1-0.4.6        |Manifest: NOSIGNATURE
		blockui-1.0.212-1.21.1-snapshot.jar               |UI Library Mod                |blockui                       |1.0.212-1.21.1-snaps|Manifest: NOSIGNATURE
		UndergroundVillages-neoforge-1.21.1-4.0.3.jar     |Underground Villages Mod      |underground_villages          |4.0.3               |Manifest: NOSIGNATURE
		universalgrid-neoforge-1.21.1-0.3.2.jar           |Universal Grid                |universalgrid                 |1.21.1-0.3.2        |Manifest: NOSIGNATURE
		sawmill-1.21-1.8.1-neoforge.jar                   |Universal Sawmill             |sawmill                       |1.21-1.8.1          |Manifest: NOSIGNATURE
		uranus-2.4.1-bugfix-1.21.1-neoforge.jar           |Uranus                        |uranus                        |2.4.1-bugfix        |Manifest: NOSIGNATURE
		utilitarian-1.21.1-0.19.2.jar                     |Utilitarian                   |utilitarian                   |1.21.1-0.19.2       |Manifest: NOSIGNATURE
		utilityvest-1.3.0.jar                             |Utility vest                  |utilityvest                   |1.3.0               |Manifest: NOSIGNATURE
		valhelsia_core-neoforge-1.21.1-1.1.5.jar          |Valhelsia Core                |valhelsia_core                |1.1.5               |Manifest: NOSIGNATURE
		variantsandventures-neoforge-1.0.26+mc1.21.1.jar  |Variants&Ventures             |variantsandventures           |1.0.26              |Manifest: NOSIGNATURE
		villagesandpillages-neoforge-mc1.21.1-1.0.3.jar   |Villages & Pillages           |villagesandpillages           |1.0.3               |Manifest: NOSIGNATURE
		waystones-neoforge-1.21.1-21.1.45.jar             |Waystones                     |waystones                     |21.1.45             |Manifest: NOSIGNATURE
		DungeonsArise-1.21.1-2.1.68-release.jar           |When Dungeons Arise           |dungeons_arise                |2.1.68              |Manifest: NOSIGNATURE
		wirelesschargers-1.0.9a-neoforge-mc1.21.jar       |Wireless Chargers             |wirelesschargers              |1.0.9+a             |Manifest: NOSIGNATURE
		WitherSkeletonTweaks-1.21.1-10.1.1.jar            |Wither Skeleton Tweaks        |wstweaks                      |10.1.1              |Manifest: NOSIGNATURE
		wits-neoforge-1.3.1.jar                           |Wits                          |wits                          |1.3.1               |Manifest: NOSIGNATURE
		xnet-1.21-7.0.7.jar                               |XNet                          |xnet                          |1.21-7.0.7          |Manifest: NOSIGNATURE
		xtonesreworked-1.1.1-1.21.1.jar                   |XTones Reworked               |xtonesreworked                |1.1.1-1.21.1        |Manifest: NOSIGNATURE
		xycraft_core-0.7.53-all.jar                       |XyCraft Core                  |xycraft_core                  |0.7.53              |Manifest: NOSIGNATURE
		xycraft_machines-0.7.53.jar                       |XyCraft Machines              |xycraft_machines              |0.7.53              |Manifest: NOSIGNATURE
		xycraft_override-0.7.53.jar                       |XyCraft Override              |xycraft_override              |0.7.53              |Manifest: NOSIGNATURE
		xycraft_world-0.7.53.jar                          |XyCraft World                 |xycraft_world                 |0.7.53              |Manifest: NOSIGNATURE
		yeetusexperimentus-neoforge-87.0.0.jar            |Yeetus Experimentus           |yeetusexperimentus            |87.0.0              |Manifest: NOSIGNATURE
		yet_another_config_lib_v3-3.8.2+1.21.1-neoforge.ja|YetAnotherConfigLib           |yet_another_config_lib_v3     |3.8.2+1.21.1-neoforg|Manifest: NOSIGNATURE
		YungsApi-1.21.1-NeoForge-5.1.9.jar                |YUNG's API                    |yungsapi                      |1.21.1-NeoForge-5.1.|Manifest: NOSIGNATURE
		YungsBetterDesertTemples-1.21.1-NeoForge-4.1.5.jar|YUNG's Better Desert Temples  |betterdeserttemples           |1.21.1-NeoForge-4.1.|Manifest: NOSIGNATURE
		YungsBetterDungeons-1.21.1-NeoForge-5.1.4.jar     |YUNG's Better Dungeons        |betterdungeons                |1.21.1-NeoForge-5.1.|Manifest: NOSIGNATURE
		YungsBetterEndIsland-1.21.1-NeoForge-3.1.2.jar    |YUNG's Better End Island      |betterendisland               |1.21.1-NeoForge-3.1.|Manifest: NOSIGNATURE
		YungsBetterJungleTemples-1.21.1-NeoForge-3.1.2.jar|YUNG's Better Jungle Temples  |betterjungletemples           |1.21.1-NeoForge-3.1.|Manifest: NOSIGNATURE
		YungsBetterMineshafts-1.21.1-NeoForge-5.1.1.jar   |YUNG's Better Mineshafts      |bettermineshafts              |1.21.1-NeoForge-5.1.|Manifest: NOSIGNATURE
		YungsBetterNetherFortresses-1.21.1-NeoForge-3.1.5.|YUNG's Better Nether Fortresse|betterfortresses              |1.21.1-NeoForge-3.1.|Manifest: NOSIGNATURE
		YungsBetterOceanMonuments-1.21.1-NeoForge-4.1.2.ja|YUNG's Better Ocean Monuments |betteroceanmonuments          |1.21.1-NeoForge-4.1.|Manifest: NOSIGNATURE
		YungsBetterStrongholds-1.21.1-NeoForge-5.1.3.jar  |YUNG's Better Strongholds     |betterstrongholds             |1.21.1-NeoForge-5.1.|Manifest: NOSIGNATURE
		YungsBetterWitchHuts-1.21.1-NeoForge-4.1.1.jar    |YUNG's Better Witch Huts      |betterwitchhuts               |1.21.1-NeoForge-4.1.|Manifest: NOSIGNATURE
		YungsExtras-1.21.1-NeoForge-5.1.1.jar             |YUNG's Extras                 |yungsextras                   |1.21.1-NeoForge-5.1.|Manifest: NOSIGNATURE
		ZeroCore2-1.21.1-2.4.21.jar                       |Zero CORE 2                   |zerocore                      |1.21.1-2.4.21       |Manifest: NOSIGNATURE
	Crash Report UUID: 5278be68-539d-4579-8815-401111d3792c
	FML: 4.0.44
	NeoForge: 21.1.251
[21:41:05] [main/ERROR] [minecraft/Main]: Failed to start the minecraft server
net.neoforged.fml.ModLoadingException: Loading errors encountered:
	- Formations (formations) has failed to load correctly
	  java.lang.BootstrapMethodError: java.lang.RuntimeException: Attempted to load class net/minecraft/client/gui/screens/Screen for invalid dist DEDICATED_SERVER

	at MC-BOOTSTRAP/fml_loader@4.0.44/net.neoforged.fml.ModLoader.waitForFuture(ModLoader.java:281) ~[loader-4.0.44.jar%23102!/:4.0] {}
	at MC-BOOTSTRAP/fml_loader@4.0.44/net.neoforged.fml.ModLoader.dispatchParallelTask(ModLoader.java:244) ~[loader-4.0.44.jar%23102!/:4.0] {}
	at MC-BOOTSTRAP/fml_loader@4.0.44/net.neoforged.fml.ModLoader.constructMods(ModLoader.java:152) ~[loader-4.0.44.jar%23102!/:4.0] {}
	at MC-BOOTSTRAP/fml_loader@4.0.44/net.neoforged.fml.ModLoader.gatherAndInitializeMods(ModLoader.java:142) ~[loader-4.0.44.jar%23102!/:4.0] {}
	at TRANSFORMER/neoforge@21.1.251/net.neoforged.neoforge.internal.CommonModLoader.begin(CommonModLoader.java:49) ~[neoforge-21.1.251.jar%23592!/:?] {re:classloading}
	at TRANSFORMER/neoforge@21.1.251/net.neoforged.neoforge.server.loading.ServerModLoader.load(ServerModLoader.java:34) ~[neoforge-21.1.251.jar%23592!/:?] {re:classloading}
	at TRANSFORMER/minecraft@1.21.1/net.minecraft.server.Main.main(Main.java:124) ~[neoforge-21.1.251.jar%23591!/:?] {re:mixin,re:classloading,pl:mixin:A}
	at java.base/jdk.internal.reflect.DirectMethodHandleAccessor.invoke(DirectMethodHandleAccessor.java:103) ~[?:?] {}
	at java.base/java.lang.reflect.Method.invoke(Method.java:580) ~[?:?] {}
	at MC-BOOTSTRAP/fml_loader@4.0.44/net.neoforged.fml.loading.targets.CommonLaunchHandler.runTarget(CommonLaunchHandler.java:136) ~[loader-4.0.44.jar%23102!/:4.0] {}
	at MC-BOOTSTRAP/fml_loader@4.0.44/net.neoforged.fml.loading.targets.CommonLaunchHandler.serverService(CommonLaunchHandler.java:128) ~[loader-4.0.44.jar%23102!/:4.0] {}
	at MC-BOOTSTRAP/fml_loader@4.0.44/net.neoforged.fml.loading.targets.NeoForgeServerDevLaunchHandler.runService(NeoForgeServerDevLaunchHandler.java:23) ~[loader-4.0.44.jar%23102!/:4.0] {}
	at MC-BOOTSTRAP/fml_loader@4.0.44/net.neoforged.fml.loading.targets.CommonLaunchHandler.lambda$launchService$4(CommonLaunchHandler.java:118) ~[loader-4.0.44.jar%23102!/:4.0] {}
	at MC-BOOTSTRAP/cpw.mods.modlauncher@11.0.5/cpw.mods.modlauncher.LaunchServiceHandlerDecorator.launch(LaunchServiceHandlerDecorator.java:30) [modlauncher-11.0.5.jar%2382!/:?] {}
	at MC-BOOTSTRAP/cpw.mods.modlauncher@11.0.5/cpw.mods.modlauncher.LaunchServiceHandler.launch(LaunchServiceHandler.java:53) [modlauncher-11.0.5.jar%2382!/:?] {}
	at MC-BOOTSTRAP/cpw.mods.modlauncher@11.0.5/cpw.mods.modlauncher.LaunchServiceHandler.launch(LaunchServiceHandler.java:71) [modlauncher-11.0.5.jar%2382!/:?] {}
	at MC-BOOTSTRAP/cpw.mods.modlauncher@11.0.5/cpw.mods.modlauncher.Launcher.run(Launcher.java:103) [modlauncher-11.0.5.jar%2382!/:?] {}
	at MC-BOOTSTRAP/cpw.mods.modlauncher@11.0.5/cpw.mods.modlauncher.Launcher.main(Launcher.java:74) [modlauncher-11.0.5.jar%2382!/:?] {}
	at MC-BOOTSTRAP/cpw.mods.modlauncher@11.0.5/cpw.mods.modlauncher.BootstrapLaunchConsumer.accept(BootstrapLaunchConsumer.java:26) [modlauncher-11.0.5.jar%2382!/:?] {}
	at MC-BOOTSTRAP/cpw.mods.modlauncher@11.0.5/cpw.mods.modlauncher.BootstrapLaunchConsumer.accept(BootstrapLaunchConsumer.java:23) [modlauncher-11.0.5.jar%2382!/:?] {}
	at cpw.mods.bootstraplauncher@2.0.2/cpw.mods.bootstraplauncher.BootstrapLauncher.run(BootstrapLauncher.java:210) [bootstraplauncher-2.0.2.jar:?] {}
	at cpw.mods.bootstraplauncher@2.0.2/cpw.mods.bootstraplauncher.BootstrapLauncher.main(BootstrapLauncher.java:69) [bootstraplauncher-2.0.2.jar:?] {}
	at java.base/jdk.internal.reflect.DirectMethodHandleAccessor.invoke(DirectMethodHandleAccessor.java:103) ~[?:?] {}
	at java.base/java.lang.reflect.Method.invoke(Method.java:580) ~[?:?] {}
	at net.neoforged.devlaunch.Main.main(Main.java:57) [DevLaunch-1.0.2.jar:?] {}

BUILD SUCCESSFUL in 1m 23s
9 actionable tasks: 5 executed, 4 up-to-date
Consider enabling configuration cache to speed up this build: https://docs.gradle.org/9.2.1/userguide/configuration_cache_enabling.html
